Brand,Price,Body.Type,Fuel.Type,Gearbox.Type,Power.hp,Displacement.l,Torque.lbft,Cylinders,Drivetrain,MPG.City,MPG.Highway,Seats,Doors,Height.in,Length.in,Width.in,Wheelbase.in,Clearance.in,Heater,AntiLock.Braking.System,Central.Locking,Power.Steering,Power.Windows,Brake.Assist,Central.Locking.1,Power.Door.Locks,Child.Safety.Locks,Rear.Seat.Belts,Door.Ajar.Warning,Adjustable.Seats,Crash.Sensor,Engine.Check.Warning,Rear.Camera,Anti.Theft.Device,Touch.Screen,Audio.System.Remote.Control,Speakers.Front...back,Bluetooth.Connectivity,USB...Auxiliary.Input,Adjustable.Steering.Column,Height.Adjustable.Driving.Seat,Digital.Clock,Electric.Folding.Rear.View.Mirror,Automatic.Climate.Control,Low.Fuel.Warning.Light,Parking.Sensors,Bottle.Holder,Seat.Belt.Warning,Vehicle.Stability.Control.System,Engine.Immobilizer,Rear.Reading.Lamp
Porsche,188700,Coupe,Petrol,Automatic,631.0,4.0,627.0,8.0,all,15.0,19.0,4.0,4.0,65.1,194.5,78.1,114.0,8.4,Yes,Yes,Yes,Yes,Yes,Yes,Yes,Yes,Yes,Yes,Yes,Yes,Yes,Yes,Yes,Yes,Yes,Yes,Yes,Yes,Yes,Yes,Yes,Yes,Yes,Yes,Yes,Yes,Yes,Yes,Yes,Yes,Yes
Porsche,171300,SUV,Hybrid,Automatic,670.0,4.0,663.0,8.0,all,42.0,42.0,4.0,4.0,65.9,194.0,78.1,114.0,7.4,Yes,Yes,Yes,Yes,Yes,Yes,Yes,Yes,Yes,Yes,Yes,Yes,Yes,Yes,Yes,Yes,Yes,Yes,Yes,Yes,Yes,Yes,Yes,Yes,Yes,Yes,Yes,Yes,Yes,Yes,Yes,Yes,Yes
BMW,170500,Hatchback,Petrol,Automatic,540.0,3.0,479.0,6.0,rear,16.0,23.0,5.0,4.0,56.4,189.1,74.3,112.5,6.2,Yes,Yes,Yes,Yes,Yes,Yes,Yes,Yes,Yes,Yes,Yes,Yes,Yes,Yes,Yes,Yes,Yes,Yes,Yes,Yes,Yes,Yes,Yes,Yes,Yes,Yes,Yes,Yes,Yes,Yes,Yes,Yes,Yes
Land Rover,164000,SUV,Petrol,Automatic,523.0,4.4,553.0,8.0,all,16.0,21.0,5.0,4.0,74.0,199.0,81.0,118.0,8.6,Yes,Yes,Yes,Yes,Yes,Yes,Yes,Yes,Yes,Yes,Yes,Yes,Yes,Yes,Yes,Yes,Yes,Yes,Yes,Yes,Yes,Yes,Yes,Yes,Yes,Yes,Yes,Yes,Yes,Yes,Yes,Yes,Yes
Porsche,155400,Convertible,Petrol,Automatic,473.0,3.0,420.0,6.0,rear,17.0,23.0,4.0,2.0,50.8,178.5,72.9,96.5,7.6,Yes,Yes,Yes,Yes,Yes,Yes,Yes,Yes,Yes,Yes,Yes,Yes,Yes,Yes,Yes,Yes,Yes,Yes,Yes,Yes,Yes,Yes,Yes,Yes,Yes,Yes,Yes,Yes,Yes,Yes,Yes,Yes,Yes
Land Rover,154000,SUV,Petrol,Automatic,523.0,4.4,553.0,8.0,all,22.0,28.0,5.0,4.0,74.0,207.0,81.0,126.0,8.6,Yes,Yes,Yes,Yes,Yes,Yes,Yes,Yes,Yes,Yes,Yes,Yes,Yes,Yes,Yes,Yes,Yes,Yes,Yes,Yes,Yes,Yes,Yes,Yes,Yes,Yes,Yes,Yes,Yes,Yes,Yes,Yes,Yes
Cadillac,152195,SUV,Petrol,Automatic,682.0,6.2,653.0,8.0,all,11.0,16.0,7.0,5.0,76.4,211.9,81.1,134.1,7.6,Yes,Yes,Yes,Yes,Yes,Yes,Yes,Yes,Yes,Yes,Yes,Yes,Yes,Yes,Yes,Yes,Yes,Yes,Yes,Yes,Yes,Yes,Yes,Yes,Yes,Yes,Yes,Yes,Yes,Yes,Yes,Yes,Yes
Maserati,151500,Sedan,Petrol,Automatic,580.0,3.0,538.0,8.0,rear,13.0,20.0,5.0,4.0,58.3,207.2,76.7,124.8,7.6,Yes,Yes,Yes,Yes,Yes,Yes,Yes,Yes,Yes,Yes,Yes,Yes,Yes,Yes,Yes,Yes,Yes,Yes,Yes,Yes,Yes,Yes,Yes,Yes,Yes,Yes,Yes,Yes,Yes,Yes,Yes,Yes,Yes
BMW,148090,Coupe,Petrol,Automatic,612.0,4.4,590.0,8.0,all,21.0,24.0,5.0,4.0,56.0,200.4,76.1,119.0,5.3,Yes,Yes,Yes,Yes,Yes,Yes,Yes,Yes,Yes,Yes,Yes,Yes,Yes,Yes,Yes,Yes,Yes,Yes,Yes,Yes,Yes,Yes,Yes,Yes,Yes,Yes,Yes,Yes,Yes,Yes,Yes,Yes,Yes
Land Rover,146230,SUV,Petrol,Automatic,394.0,2.0,407.0,4.0,all,33.0,39.0,7.0,5.0,79.0,201.0,84.0,121.0,12.0,Yes,Yes,Yes,Yes,Yes,Yes,Yes,Yes,Yes,Yes,Yes,Yes,Yes,Yes,Yes,Yes,Yes,Yes,Yes,Yes,Yes,Yes,Yes,Yes,Yes,Yes,Yes,Yes,Yes,Yes,Yes,Yes,Yes
BMW,144900,Sedan,Petrol,Automatic,612.0,4.4,590.0,8.0,all,17.0,24.0,5.0,4.0,56.0,200.4,76.1,119.0,5.3,Yes,Yes,Yes,Yes,Yes,Yes,Yes,Yes,Yes,Yes,Yes,Yes,Yes,Yes,Yes,Yes,Yes,Yes,Yes,Yes,Yes,Yes,Yes,Yes,Yes,Yes,Yes,Yes,Yes,Yes,Yes,Yes,Yes
BMW,143700,Convertible,Petrol,Automatic,617.0,4.4,553.0,6.0,all,15.0,22.0,4.0,2.0,53.0,191.2,74.9,111.1,5.0,Yes,Yes,Yes,Yes,Yes,Yes,Yes,Yes,Yes,Yes,Yes,Yes,Yes,Yes,Yes,Yes,Yes,Yes,Yes,Yes,Yes,Yes,Yes,Yes,Yes,Yes,Yes,Yes,Yes,Yes,Yes,Yes,Yes
BMW,140890,Coupe,Petrol,Automatic,617.0,4.4,553.0,6.0,all,15.0,21.0,4.0,2.0,53.0,191.2,74.9,111.1,5.0,Yes,Yes,Yes,Yes,Yes,Yes,Yes,Yes,Yes,Yes,Yes,Yes,Yes,Yes,Yes,Yes,Yes,Yes,Yes,Yes,Yes,Yes,Yes,Yes,Yes,Yes,Yes,Yes,Yes,Yes,Yes,Yes,Yes
Land Rover,139870,SUV,Hybrid,Automatic,394.0,2.0,407.0,4.0,all,33.0,39.0,7.0,5.0,79.0,201.0,84.0,121.0,12.0,Yes,Yes,Yes,Yes,Yes,Yes,Yes,Yes,Yes,Yes,Yes,Yes,Yes,Yes,Yes,Yes,Yes,Yes,Yes,Yes,Yes,Yes,Yes,Yes,Yes,Yes,Yes,Yes,Yes,Yes,Yes,Yes,Yes
BMW,134100,Coupe,Petrol,Automatic,617.0,4.4,553.0,6.0,all,15.0,21.0,4.0,2.0,53.0,191.2,74.9,111.1,5.0,Yes,Yes,Yes,Yes,Yes,Yes,Yes,Yes,Yes,Yes,Yes,Yes,Yes,Yes,Yes,Yes,Yes,Yes,Yes,Yes,Yes,Yes,Yes,Yes,Yes,Yes,Yes,Yes,Yes,Yes,Yes,Yes,Yes
Porsche,133200,SUV,Petrol,Automatic,541.0,4.0,567.0,6.0,all,15.0,19.0,5.0,4.0,65.9,194.0,78.1,114.0,7.4,Yes,Yes,Yes,Yes,Yes,Yes,Yes,Yes,Yes,Yes,Yes,Yes,Yes,Yes,Yes,Yes,Yes,Yes,Yes,Yes,Yes,Yes,Yes,Yes,Yes,Yes,Yes,Yes,Yes,Yes,Yes,Yes,Yes
Maserati,130120,Coupe,Petrol,Automatic,490.0,3.0,442.0,6.0,rear,16.0,24.0,4.0,2.0,53.3,192.2,72.7,115.8,3.9,Yes,Yes,Yes,Yes,Yes,Yes,Yes,Yes,Yes,Yes,Yes,Yes,Yes,Yes,Yes,Yes,Yes,Yes,Yes,Yes,Yes,Yes,Yes,Yes,Yes,Yes,Yes,Yes,Yes,Yes,Yes,Yes,Yes
Land Rover,115000,SUV,Petrol,Automatic,518.0,5.0,461.0,6.0,all,15.0,19.0,5.0,4.0,77.5,180.5,79.1,101.9,8.5,Yes,Yes,Yes,Yes,Yes,Yes,Yes,Yes,Yes,Yes,Yes,Yes,Yes,Yes,Yes,Yes,Yes,Yes,Yes,Yes,Yes,Yes,Yes,Yes,Yes,Yes,Yes,Yes,Yes,Yes,Yes,Yes,Yes
Nissan,113540,Coupe,Petrol,Automatic,565.0,3.8,467.0,6.0,front,17.0,22.0,4.0,2.0,55.0,188.0,76.0,111.0,7.6,Yes,Yes,Yes,Yes,Yes,Yes,Yes,Yes,Yes,Yes,Yes,Yes,Yes,Yes,Yes,Yes,Yes,Yes,Yes,Yes,Yes,Yes,Yes,Yes,Yes,Yes,Yes,Yes,Yes,Yes,Yes,Yes,Yes
Chevrolet,112800,Convertible,Petrol,Automatic,670.0,5.5,460.0,6.0,rear,15.0,20.0,2.0,2.0,48.6,184.58,79.71,107.18,5.3,Yes,Yes,Yes,Yes,Yes,Yes,Yes,Yes,Yes,Yes,Yes,Yes,Yes,Yes,Yes,Yes,Yes,Yes,Yes,Yes,Yes,Yes,Yes,Yes,Yes,Yes,Yes,Yes,Yes,Yes,Yes,Yes,Yes
Land Rover,112200,SUV,Petrol,Automatic,395.0,3.0,406.0,6.0,all,18.0,23.0,5.0,4.0,77.7,197.6,79.1,119.0,8.9,Yes,Yes,Yes,Yes,Yes,Yes,Yes,Yes,Yes,Yes,Yes,Yes,Yes,Yes,Yes,Yes,Yes,Yes,Yes,Yes,Yes,Yes,Yes,Yes,Yes,Yes,Yes,Yes,Yes,Yes,Yes,Yes,Yes
Porsche,111700,Coupe,Petrol,Automatic,631.0,4.0,627.0,8.0,all,15.0,19.0,4.0,4.0,65.1,194.5,78.1,114.0,8.4,Yes,Yes,Yes,Yes,Yes,Yes,Yes,Yes,Yes,Yes,Yes,Yes,Yes,Yes,Yes,Yes,Yes,Yes,Yes,Yes,Yes,Yes,Yes,Yes,Yes,Yes,Yes,Yes,Yes,Yes,Yes,Yes,Yes
Land Rover,111300,SUV,Petrol,Automatic,518.0,5.0,461.0,6.0,all,14.0,19.0,5.0,4.0,77.4,197.6,79.1,119.0,8.5,Yes,Yes,Yes,Yes,Yes,Yes,Yes,Yes,Yes,Yes,Yes,Yes,Yes,Yes,Yes,Yes,Yes,Yes,Yes,Yes,Yes,Yes,Yes,Yes,Yes,Yes,Yes,Yes,Yes,Yes,Yes,Yes,Yes
Jeep,110990,SUV,Petrol,Automatic,510.0,3.0,500.0,6.0,all,14.0,19.0,7.0,4.0,75.6,226.7,83.6,130.0,10.0,Yes,Yes,Yes,Yes,Yes,Yes,Yes,Yes,Yes,Yes,Yes,Yes,Yes,Yes,Yes,Yes,Yes,Yes,Yes,Yes,Yes,Yes,Yes,Yes,Yes,Yes,Yes,Yes,Yes,Yes,Yes,Yes,Yes
Cadillac,110000,SUV,Petrol,Automatic,668.0,6.2,659.0,8.0,all,13.0,16.0,7.0,4.0,76.4,227.0,81.0,134.1,8.0,Yes,Yes,Yes,Yes,Yes,Yes,Yes,Yes,Yes,Yes,Yes,Yes,Yes,Yes,Yes,Yes,Yes,Yes,Yes,Yes,Yes,Yes,Yes,Yes,Yes,Yes,Yes,Yes,Yes,Yes,Yes,Yes,Yes
Land Rover,107900,SUV,Petrol,Automatic,518.0,5.0,461.0,8.0,all,15.0,19.0,5.0,4.0,77.5,180.4,79.1,101.9,8.6,Yes,Yes,Yes,Yes,Yes,Yes,Yes,Yes,Yes,Yes,Yes,Yes,Yes,Yes,Yes,Yes,Yes,Yes,Yes,Yes,Yes,Yes,Yes,Yes,Yes,Yes,Yes,Yes,Yes,Yes,Yes,Yes,Yes
Jeep,104840,SUV,Petrol,Automatic,510.0,3.0,500.0,6.0,all,14.0,19.0,7.0,4.0,79.6,226.7,94.0,130.0,8.3,Yes,Yes,Yes,Yes,Yes,Yes,Yes,Yes,Yes,Yes,Yes,Yes,Yes,Yes,Yes,Yes,Yes,Yes,Yes,Yes,Yes,Yes,Yes,Yes,Yes,Yes,Yes,Yes,Yes,Yes,Yes,Yes,Yes
Porsche,103200,SUV,Petrol,Automatic,335.0,3.0,332.0,8.0,all,17.0,22.0,5.0,4.0,65.9,194.0,78.1,114.0,7.4,Yes,Yes,Yes,Yes,Yes,Yes,Yes,Yes,Yes,Yes,Yes,Yes,Yes,Yes,Yes,Yes,Yes,Yes,Yes,Yes,Yes,Yes,Yes,Yes,Yes,Yes,Yes,Yes,Yes,Yes,Yes,Yes,Yes
Maserati,101390,Sedan,Unknown,Automatic,424.0,3.0,428.0,6.0,all,16.0,24.0,5.0,4.0,57.5,195.7,76.6,118.0,7.6,Yes,Yes,Yes,Yes,Yes,Yes,Yes,Yes,Yes,Yes,Yes,Yes,Yes,Yes,Yes,Yes,Yes,Yes,Yes,Yes,Yes,Yes,Yes,Yes,Yes,Yes,Yes,Yes,Yes,Yes,Yes,Yes,Yes
Lexus,101000,SUV,Petrol,Automatic,409.0,3.5,479.0,6.0,all,17.0,22.0,7.0,4.0,74.6,200.5,78.3,112.2,7.8,Yes,Yes,Yes,Yes,Yes,Yes,Yes,Yes,Yes,Yes,Yes,Yes,Yes,Yes,Yes,Yes,Yes,Yes,Yes,Yes,Yes,Yes,Yes,Yes,Yes,Yes,Yes,Yes,Yes,Yes,Yes,Yes,Yes
Maserati,98890,Sedan,Unknown,Automatic,424.0,3.0,428.0,6.0,rear,18.0,25.0,5.0,4.0,57.5,195.7,76.6,118.0,7.6,Yes,Yes,Yes,Yes,Yes,Yes,Yes,Yes,Yes,Yes,Yes,Yes,Yes,Yes,Yes,Yes,Yes,Yes,Yes,Yes,Yes,Yes,Yes,Yes,Yes,Yes,Yes,Yes,Yes,Yes,Yes,Yes,Yes
Jeep,98090,SUV,Petrol,Automatic,510.0,3.0,500.0,6.0,all,14.0,19.0,7.0,4.0,79.6,226.7,94.0,130.0,8.3,Yes,Yes,Yes,Yes,Yes,Yes,Yes,Yes,Yes,Yes,Yes,Yes,Yes,Yes,Yes,Yes,Yes,Yes,Yes,Yes,Yes,Yes,Yes,Yes,Yes,Yes,Yes,Yes,Yes,Yes,Yes,Yes,Yes
Jeep,98090,SUV,Petrol,Automatic,510.0,3.0,500.0,6.0,all,14.0,19.0,7.0,4.0,79.6,226.7,94.0,130.0,8.3,Yes,Yes,Yes,Yes,Yes,Yes,Yes,Yes,Yes,Yes,Yes,Yes,Yes,Yes,Yes,Yes,Yes,Yes,Yes,Yes,Yes,Yes,Yes,Yes,Yes,Yes,Yes,Yes,Yes,Yes,Yes,Yes,Yes
Mercedes,97450,Hatchback,Unknown,Automatic,416.0,2.0,370.0,4.0,all,26.0,28.0,5.0,4.0,56.0,178.0,80.0,109.0,7.0,Yes,Yes,Yes,Yes,Yes,Yes,Yes,Yes,Yes,Yes,Yes,Yes,Yes,Yes,Yes,Yes,Yes,Yes,Yes,Yes,Yes,Yes,Yes,Yes,Yes,Yes,Yes,Yes,Yes,Yes,Yes,Yes,Yes
Porsche,97300,SUV,Petrol,Automatic,434.0,2.9,405.0,6.0,all,16.0,22.0,5.0,4.0,66.8,193.7,78.1,114.0,7.6,Yes,Yes,Yes,Yes,Yes,Yes,Yes,Yes,Yes,Yes,Yes,Yes,Yes,Yes,Yes,Yes,Yes,Yes,Yes,Yes,Yes,Yes,Yes,Yes,Yes,Yes,Yes,Yes,Yes,Yes,Yes,Yes,Yes
Porsche,97000,Hatchback,Petrol,Automatic,325.0,2.9,331.0,6.0,all,18.0,24.0,4.0,4.0,56.0,198.8,78.2,116.1,7.6,Yes,Yes,Yes,Yes,Yes,Yes,Yes,Yes,Yes,Yes,Yes,Yes,Yes,Yes,Yes,Yes,Yes,Yes,Yes,Yes,Yes,Yes,Yes,Yes,Yes,Yes,Yes,Yes,Yes,Yes,Yes,Yes,Yes
Porsche,95150,SUV,Hybrid,Automatic,335.0,3.0,332.0,8.0,all,17.0,22.0,5.0,4.0,65.9,194.5,78.1,114.0,7.4,Yes,Yes,Yes,Yes,Yes,Yes,Yes,Yes,Yes,Yes,Yes,Yes,Yes,Yes,Yes,Yes,Yes,Yes,Yes,Yes,Yes,Yes,Yes,Yes,Yes,Yes,Yes,Yes,Yes,Yes,Yes,Yes,Yes
Audi,94500,SUV,Unknown,Automatic,500.0,4.0,568.0,6.0,all,14.0,20.0,5.0,4.0,67.2,196.6,78.5,117.9,7.6,Yes,Yes,Yes,Yes,Yes,Yes,Yes,Yes,Yes,Yes,Yes,Yes,Yes,Yes,Yes,Yes,Yes,Yes,Yes,Yes,Yes,Yes,Yes,Yes,Yes,Yes,Yes,Yes,Yes,Yes,Yes,Yes,Yes
Audi,94500,SUV,Petrol,Automatic,500.0,4.0,568.0,6.0,all,15.0,21.0,5.0,4.0,67.2,196.6,78.5,117.9,7.6,Yes,Yes,Yes,Yes,Yes,Yes,Yes,Yes,Yes,Yes,Yes,Yes,Yes,Yes,Yes,Yes,Yes,Yes,Yes,Yes,Yes,Yes,Yes,Yes,Yes,Yes,Yes,Yes,Yes,Yes,Yes,Yes,Yes
Jeep,93990,SUV,Petrol,Automatic,510.0,3.0,500.0,6.0,all,14.0,19.0,7.0,4.0,79.6,226.7,94.0,130.0,8.3,Yes,Yes,Yes,Yes,Yes,Yes,Yes,Yes,Yes,Yes,Yes,Yes,Yes,Yes,Yes,Yes,Yes,Yes,Yes,Yes,Yes,Yes,Yes,Yes,Yes,Yes,Yes,Yes,Yes,Yes,Yes,Yes,Yes
Porsche,92400,Hatchback,Petrol,Automatic,325.0,2.9,331.0,6.0,rear,18.0,24.0,4.0,4.0,56.0,198.8,76.3,116.1,7.6,Yes,Yes,Yes,Yes,Yes,Yes,Yes,Yes,Yes,Yes,Yes,Yes,Yes,Yes,Yes,Yes,Yes,Yes,Yes,Yes,Yes,Yes,Yes,Yes,Yes,Yes,Yes,Yes,Yes,Yes,Yes,Yes,Yes
Jeep,91490,SUV,Petrol,Automatic,510.0,3.0,500.0,6.0,all,14.0,19.0,7.0,4.0,79.6,226.7,94.0,130.0,8.3,Yes,Yes,Yes,Yes,Yes,Yes,Yes,Yes,Yes,Yes,Yes,Yes,Yes,Yes,Yes,Yes,Yes,Yes,Yes,Yes,Yes,Yes,Yes,Yes,Yes,Yes,Yes,Yes,Yes,Yes,Yes,Yes,Yes
Cadillac,90995,Sedan,Petrol,Manual,668.0,6.2,659.0,8.0,rear,13.0,21.0,5.0,4.0,56.6,194.9,74.1,116.0,7.6,Yes,Yes,Yes,Yes,Yes,Yes,Yes,Yes,Yes,Yes,Yes,Yes,Yes,Yes,Yes,Yes,Yes,Yes,Yes,Yes,Yes,Yes,Yes,Yes,Yes,Yes,Yes,Yes,Yes,Yes,Yes,Yes,Yes
Dodge,90000,SUV,Petrol,Automatic,710.0,6.2,640.0,8.0,all,12.0,17.0,6.0,4.0,69.8,200.8,76.4,119.8,8.0,Yes,Yes,Yes,Yes,Yes,Yes,Yes,Yes,Yes,Yes,Yes,Yes,Yes,Yes,Yes,Yes,Yes,Yes,Yes,Yes,Yes,Yes,Yes,Yes,Yes,Yes,Yes,Yes,Yes,Yes,Yes,Yes,Yes
Toyota,89990,SUV,Petrol,Automatic,304.0,3.3,518.0,6.0,all,13.0,17.0,8.0,5.0,78.0,199.0,79.0,114.0,9.0,Yes,Yes,Yes,Yes,Yes,Yes,Yes,Yes,Yes,Yes,Yes,Yes,Yes,Yes,Yes,Yes,Yes,Yes,Yes,Yes,Yes,Yes,Yes,Yes,Yes,Yes,Yes,Yes,Yes,Yes,Yes,Yes,Yes
Jeep,89990,SUV,Petrol,Automatic,510.0,3.0,500.0,6.0,all,14.0,19.0,7.0,4.0,79.6,226.7,94.0,130.0,8.3,Yes,Yes,Yes,Yes,Yes,Yes,Yes,Yes,Yes,Yes,Yes,Yes,Yes,Yes,Yes,Yes,Yes,Yes,Yes,Yes,Yes,Yes,Yes,Yes,Yes,Yes,Yes,Yes,Yes,Yes,Yes,Yes,Yes
Jaguar,89500,SUV,Petrol,Automatic,550.0,5.0,516.0,8.0,all,15.0,21.0,5.0,4.0,65.7,187.5,81.5,113.2,8.3,Yes,Yes,Yes,Yes,Yes,Yes,Yes,Yes,Yes,Yes,Yes,Yes,Yes,Yes,Yes,Yes,Yes,Yes,Yes,Yes,Yes,Yes,Yes,Yes,Yes,Yes,Yes,Yes,Yes,Yes,Yes,Yes,Yes
Mercedes,89050,Convertible,Petrol,Automatic,429.0,3.0,384.0,6.0,all,21.0,27.0,4.0,2.0,56.2,190.6,73.2,113.1,4.7,Yes,Yes,Yes,Yes,Yes,Yes,Yes,Yes,Yes,Yes,Yes,Yes,Yes,Yes,Yes,Yes,Yes,Yes,Yes,Yes,Yes,Yes,Yes,Yes,Yes,Yes,Yes,Yes,Yes,Yes,Yes,Yes,Yes
BMW,89000,SUV,Petrol,Automatic,248.0,2.0,258.0,4.0,all,21.0,28.0,5.0,4.0,63.8,187.6,75.5,112.8,7.2,Yes,Yes,Yes,Yes,Yes,Yes,Yes,Yes,Yes,Yes,Yes,Yes,Yes,Yes,Yes,Yes,Yes,Yes,Yes,Yes,Yes,Yes,Yes,Yes,Yes,Yes,Yes,Yes,Yes,Yes,Yes,Yes,Yes
BMW,87500,Sedan,Petrol,Automatic,523.0,4.4,553.0,8.0,all,17.0,24.0,5.0,4.0,55.4,200.3,76.1,119.0,5.0,Yes,Yes,Yes,Yes,Yes,Yes,Yes,Yes,Yes,Yes,Yes,Yes,Yes,Yes,Yes,Yes,Yes,Yes,Yes,Yes,Yes,Yes,Yes,Yes,Yes,Yes,Yes,Yes,Yes,Yes,Yes,Yes,Yes
Chevrolet,86990,SUV,Petrol,Automatic,420.0,6.2,460.0,8.0,all,14.0,29.0,7.0,5.0,75.7,225.7,81.1,134.1,7.51,Yes,Yes,Yes,Yes,Yes,Yes,Yes,Yes,Yes,Yes,Yes,Yes,Yes,Yes,Yes,Yes,Yes,Yes,Yes,Yes,Yes,Yes,Yes,Yes,Yes,Yes,Yes,Yes,Yes,Yes,Yes,Yes,Yes
Audi,86500,SUV,Petrol,Automatic,500.0,4.0,568.0,8.0,all,15.0,21.0,7.0,4.0,68.5,199.6,77.6,117.9,7.6,Yes,Yes,Yes,Yes,Yes,Yes,Yes,Yes,Yes,Yes,Yes,Yes,Yes,Yes,Yes,Yes,Yes,Yes,Yes,Yes,Yes,Yes,Yes,Yes,Yes,Yes,Yes,Yes,Yes,Yes,Yes,Yes,Yes
Jaguar,86000,Coupe,Petrol,Automatic,444.0,5.0,428.0,8.0,rear,17.0,24.0,2.0,2.0,51.6,176.0,74.2,103.2,4.1,Yes,Yes,Yes,Yes,Yes,Yes,Yes,Yes,Yes,Yes,Yes,Yes,Yes,Yes,Yes,Yes,Yes,Yes,Yes,Yes,Yes,Yes,Yes,Yes,Yes,Yes,Yes,Yes,Yes,Yes,Yes,Yes,Yes
Infiniti,84850,SUV,Petrol,Automatic,400.0,5.6,413.0,8.0,all,13.0,19.0,7.0,5.0,75.8,210.2,79.9,121.1,9.2,Yes,Yes,Yes,Yes,Yes,Yes,Yes,Yes,Yes,Yes,Yes,Yes,Yes,Yes,Yes,Yes,Yes,Yes,Yes,Yes,Yes,Yes,Yes,Yes,Yes,Yes,Yes,Yes,Yes,Yes,Yes,Yes,Yes
Infiniti,84850,SUV,Petrol,Automatic,400.0,5.6,413.0,8.0,rear,14.0,20.0,7.0,5.0,75.8,210.2,79.9,121.1,9.2,Yes,Yes,Yes,Yes,Yes,Yes,Yes,Yes,Yes,Yes,Yes,Yes,Yes,Yes,Yes,Yes,Yes,Yes,Yes,Yes,Yes,Yes,Yes,Yes,Yes,Yes,Yes,Yes,Yes,Yes,Yes,Yes,Yes
Audi,84400,SUV,Hybrid,Automatic,335.0,3.0,273.0,6.0,all,17.0,22.0,5.0,4.0,67.2,196.6,78.5,117.9,5.8,Yes,Yes,Yes,Yes,Yes,Yes,Yes,Yes,Yes,Yes,Yes,Yes,Yes,Yes,Yes,Yes,Yes,Yes,Yes,Yes,Yes,Yes,Yes,Yes,Yes,Yes,Yes,Yes,Yes,Yes,Yes,Yes,Yes
Jaguar,83900,Convertible,Petrol,Automatic,444.0,5.0,428.0,8.0,all,16.0,24.0,2.0,2.0,51.6,176.0,74.2,103.2,4.1,Yes,Yes,Yes,Yes,Yes,Yes,Yes,Yes,Yes,Yes,Yes,Yes,Yes,Yes,Yes,Yes,Yes,Yes,Yes,Yes,Yes,Yes,Yes,Yes,Yes,Yes,Yes,Yes,Yes,Yes,Yes,Yes,Yes
Audi,82490,Coupe,Unknown,Automatic,394.0,2.5,354.0,6.0,all,20.0,30.0,4.0,4.0,52.9,165.0,72.1,98.6,7.6,Yes,Yes,Yes,Yes,Yes,Yes,Yes,Yes,Yes,Yes,Yes,Yes,Yes,Yes,Yes,Yes,Yes,Yes,Yes,Yes,Yes,Yes,Yes,Yes,Yes,Yes,Yes,Yes,Yes,Yes,Yes,Yes,Yes
Maserati,82300,Sedan,Petrol,Automatic,345.0,3.0,369.0,6.0,rear,17.0,25.0,5.0,4.0,57.5,195.7,76.6,118.0,7.6,Yes,Yes,Yes,Yes,Yes,Yes,Yes,Yes,Yes,Yes,Yes,Yes,Yes,Yes,Yes,Yes,Yes,Yes,Yes,Yes,Yes,Yes,Yes,Yes,Yes,Yes,Yes,Yes,Yes,Yes,Yes,Yes,Yes
Mercedes,82100,Coupe,Petrol,Automatic,429.0,3.0,384.0,6.0,all,21.0,28.0,4.0,2.0,56.2,190.6,73.2,113.1,4.7,Yes,Yes,Yes,Yes,Yes,Yes,Yes,Yes,Yes,Yes,Yes,Yes,Yes,Yes,Yes,Yes,Yes,Yes,Yes,Yes,Yes,Yes,Yes,Yes,Yes,Yes,Yes,Yes,Yes,Yes,Yes,Yes,Yes
Maserati,81800,SUV,Petrol,Automatic,345.0,3.0,369.0,6.0,all,16.0,22.0,5.0,4.0,66.1,197.0,77.5,118.3,8.0,Yes,Yes,Yes,Yes,Yes,Yes,Yes,Yes,Yes,Yes,Yes,Yes,Yes,Yes,Yes,Yes,Yes,Yes,Yes,Yes,Yes,Yes,Yes,Yes,Yes,Yes,Yes,Yes,Yes,Yes,Yes,Yes,Yes
Infiniti,81750,SUV,Petrol,Automatic,400.0,5.6,413.0,8.0,rear,14.0,20.0,7.0,5.0,75.8,210.2,79.9,121.1,9.2,Yes,Yes,Yes,Yes,Yes,Yes,Yes,Yes,Yes,Yes,Yes,Yes,Yes,Yes,Yes,Yes,Yes,Yes,Yes,Yes,Yes,Yes,Yes,Yes,Yes,Yes,Yes,Yes,Yes,Yes,Yes,Yes,Yes
Ford,79620,SUV,Petrol,Automatic,400.0,3.5,480.0,6.0,rear,17.0,23.0,8.0,5.0,76.6,210.0,79.9,122.5,9.8,Yes,Yes,Yes,Yes,Yes,Yes,Yes,Yes,Yes,Yes,Yes,Yes,Yes,Yes,Yes,Yes,Yes,Yes,Yes,Yes,Yes,Yes,Yes,Yes,Yes,Yes,Yes,Yes,Yes,Yes,Yes,Yes,Yes
Infiniti,78000,SUV,Petrol,Automatic,400.0,5.6,413.0,8.0,all,13.0,19.0,7.0,5.0,75.8,210.2,79.9,121.1,9.2,Yes,Yes,Yes,Yes,Yes,Yes,Yes,Yes,Yes,Yes,Yes,Yes,Yes,Yes,Yes,Yes,Yes,Yes,Yes,Yes,Yes,Yes,Yes,Yes,Yes,Yes,Yes,Yes,Yes,Yes,Yes,Yes,Yes
BMW,77790,Sedan,Petrol,Automatic,523.0,4.4,553.0,8.0,all,17.0,25.0,5.0,4.0,58.4,195.8,73.5,117.1,5.1,Yes,Yes,Yes,Yes,Yes,Yes,Yes,Yes,Yes,Yes,Yes,Yes,Yes,Yes,Yes,Yes,Yes,Yes,Yes,Yes,Yes,Yes,Yes,Yes,Yes,Yes,Yes,Yes,Yes,Yes,Yes,Yes,Yes
Mercedes,77600,Coupe,Petrol,Automatic,429.0,3.0,384.0,6.0,all,21.0,28.0,4.0,2.0,56.2,190.6,73.2,113.1,4.7,Yes,Yes,Yes,Yes,Yes,Yes,Yes,Yes,Yes,Yes,Yes,Yes,Yes,Yes,Yes,Yes,Yes,Yes,Yes,Yes,Yes,Yes,Yes,Yes,Yes,Yes,Yes,Yes,Yes,Yes,Yes,Yes,Yes
Mercedes,77300,Coupe,Petrol,Automatic,429.0,3.0,384.0,6.0,all,21.0,27.0,4.0,2.0,56.2,190.6,73.2,113.1,4.7,Yes,Yes,Yes,Yes,Yes,Yes,Yes,Yes,Yes,Yes,Yes,Yes,Yes,Yes,Yes,Yes,Yes,Yes,Yes,Yes,Yes,Yes,Yes,Yes,Yes,Yes,Yes,Yes,Yes,Yes,Yes,Yes,Yes
Jeep,77220,SUV,Petrol,Automatic,420.0,3.0,468.0,6.0,all,15.0,20.0,8.0,5.0,79.6,226.7,83.6,130.0,10.0,Yes,Yes,Yes,Yes,Yes,Yes,Yes,Yes,Yes,Yes,Yes,Yes,Yes,Yes,Yes,Yes,Yes,Yes,Yes,Yes,Yes,Yes,Yes,Yes,Yes,Yes,Yes,Yes,Yes,Yes,Yes,Yes,Yes
Ford,77170,SUV,Petrol,Automatic,375.0,3.5,470.0,6.0,rear,17.0,23.0,7.0,4.0,76.6,210.0,79.9,122.5,7.6,Yes,Yes,Yes,Yes,Yes,Yes,Yes,Yes,Yes,Yes,Yes,Yes,Yes,Yes,Yes,Yes,Yes,Yes,Yes,Yes,Yes,Yes,Yes,Yes,Yes,Yes,Yes,Yes,Yes,Yes,Yes,Yes,Yes
Jeep,77090,Convertible,Unknown,Automatic,470.0,6.4,470.0,6.0,all,13.0,17.0,5.0,4.0,74.5,188.4,73.8,118.4,7.6,Yes,Yes,Yes,Yes,Yes,Yes,Yes,Yes,Yes,Yes,Yes,Yes,Yes,Yes,Yes,Yes,Yes,Yes,Yes,Yes,Yes,Yes,Yes,Yes,Yes,Yes,Yes,Yes,Yes,Yes,Yes,Yes,Yes
Infiniti,75900,SUV,Petrol,Automatic,400.0,5.6,413.0,8.0,rear,14.0,20.0,7.0,5.0,75.8,210.2,79.9,121.1,9.2,Yes,Yes,Yes,Yes,Yes,Yes,Yes,Yes,Yes,Yes,Yes,Yes,Yes,Yes,Yes,Yes,Yes,Yes,Yes,Yes,Yes,Yes,Yes,Yes,Yes,Yes,Yes,Yes,Yes,Yes,Yes,Yes,Yes
Infiniti,74900,SUV,Petrol,Automatic,400.0,5.6,413.0,8.0,rear,14.0,20.0,7.0,5.0,75.8,210.2,79.9,121.1,9.2,Yes,Yes,Yes,Yes,Yes,Yes,Yes,Yes,Yes,Yes,Yes,Yes,Yes,Yes,Yes,Yes,Yes,Yes,Yes,Yes,Yes,Yes,Yes,Yes,Yes,Yes,Yes,Yes,Yes,Yes,Yes,Yes,Yes
Audi,74800,SUV,Petrol,Automatic,444.0,2.9,443.0,6.0,all,18.0,28.0,6.0,4.0,56.9,195.0,74.3,115.3,7.6,Yes,Yes,Yes,Yes,Yes,Yes,Yes,Yes,Yes,Yes,Yes,Yes,Yes,Yes,Yes,Yes,Yes,Yes,Yes,Yes,Yes,Yes,Yes,Yes,Yes,Yes,Yes,Yes,Yes,Yes,Yes,Yes,Yes
Jeep,74220,SUV,Petrol,Automatic,420.0,3.0,468.0,6.0,rear,17.0,23.0,8.0,5.0,79.6,226.7,83.6,130.0,8.3,Yes,Yes,Yes,Yes,Yes,Yes,Yes,Yes,Yes,Yes,Yes,Yes,Yes,Yes,Yes,Yes,Yes,Yes,Yes,Yes,Yes,Yes,Yes,Yes,Yes,Yes,Yes,Yes,Yes,Yes,Yes,Yes,Yes
Infiniti,73700,SUV,Petrol,Automatic,400.0,5.6,413.0,8.0,all,13.0,19.0,7.0,5.0,75.8,210.2,79.9,121.1,9.2,Yes,Yes,Yes,Yes,Yes,Yes,Yes,Yes,Yes,Yes,Yes,Yes,Yes,Yes,Yes,Yes,Yes,Yes,Yes,Yes,Yes,Yes,Yes,Yes,Yes,Yes,Yes,Yes,Yes,Yes,Yes,Yes,Yes
Maserati,72900,SUV,Petrol,Automatic,325.0,2.0,332.0,6.0,all,22.0,29.0,5.0,4.0,65.6,190.8,77.9,114.2,7.9,Yes,Yes,Yes,Yes,Yes,Yes,Yes,Yes,Yes,Yes,Yes,Yes,Yes,Yes,Yes,Yes,Yes,Yes,Yes,Yes,Yes,Yes,Yes,Yes,Yes,Yes,Yes,Yes,Yes,Yes,Yes,Yes,Yes
Maserati,72900,SUV,Petrol,Automatic,325.0,2.0,332.0,6.0,all,22.0,29.0,5.0,4.0,65.6,190.8,77.9,114.2,7.9,Yes,Yes,Yes,Yes,Yes,Yes,Yes,Yes,Yes,Yes,Yes,Yes,Yes,Yes,Yes,Yes,Yes,Yes,Yes,Yes,Yes,Yes,Yes,Yes,Yes,Yes,Yes,Yes,Yes,Yes,Yes,Yes,Yes
Land Rover,72300,SUV,Petrol,Automatic,395.0,3.0,406.0,6.0,all,18.0,23.0,5.0,4.0,77.7,197.6,79.1,119.0,8.9,Yes,Yes,Yes,Yes,Yes,Yes,Yes,Yes,Yes,Yes,Yes,Yes,Yes,Yes,Yes,Yes,Yes,Yes,Yes,Yes,Yes,Yes,Yes,Yes,Yes,Yes,Yes,Yes,Yes,Yes,Yes,Yes,Yes
Audi,71800,SUV,Petrol,Automatic,335.0,3.0,369.0,6.0,all,18.0,23.0,5.0,4.0,67.2,196.6,78.5,117.9,5.8,Yes,Yes,Yes,Yes,Yes,Yes,Yes,Yes,Yes,Yes,Yes,Yes,Yes,Yes,Yes,Yes,Yes,Yes,Yes,Yes,Yes,Yes,Yes,Yes,Yes,Yes,Yes,Yes,Yes,Yes,Yes,Yes,Yes
Audi,71800,SUV,Hybrid,Automatic,335.0,3.0,273.0,6.0,all,17.0,22.0,5.0,4.0,67.2,196.6,78.5,117.9,5.8,Yes,Yes,Yes,Yes,Yes,Yes,Yes,Yes,Yes,Yes,Yes,Yes,Yes,Yes,Yes,Yes,Yes,Yes,Yes,Yes,Yes,Yes,Yes,Yes,Yes,Yes,Yes,Yes,Yes,Yes,Yes,Yes,Yes
Mercedes,71250,Wagon,Petrol,Automatic,362.0,3.0,369.0,6.0,all,21.0,28.0,7.0,4.0,58.9,194.8,73.7,115.7,5.8,Yes,Yes,Yes,Yes,Yes,Yes,Yes,Yes,Yes,Yes,Yes,Yes,Yes,Yes,Yes,Yes,Yes,Yes,Yes,Yes,Yes,Yes,Yes,Yes,Yes,Yes,Yes,Yes,Yes,Yes,Yes,Yes,Yes
Jeep,71080,SUV,Petrol,Automatic,420.0,3.0,468.0,6.0,all,17.0,23.0,8.0,5.0,79.6,226.7,94.0,130.0,10.0,Yes,Yes,Yes,Yes,Yes,Yes,Yes,Yes,Yes,Yes,Yes,Yes,Yes,Yes,Yes,Yes,Yes,Yes,Yes,Yes,Yes,Yes,Yes,Yes,Yes,Yes,Yes,Yes,Yes,Yes,Yes,Yes,Yes
Jeep,71080,SUV,Petrol,Automatic,420.0,3.0,468.0,6.0,all,15.0,20.0,8.0,5.0,79.6,226.7,94.0,130.0,8.3,Yes,Yes,Yes,Yes,Yes,Yes,Yes,Yes,Yes,Yes,Yes,Yes,Yes,Yes,Yes,Yes,Yes,Yes,Yes,Yes,Yes,Yes,Yes,Yes,Yes,Yes,Yes,Yes,Yes,Yes,Yes,Yes,Yes
Ford,70705,SUV,Petrol,Automatic,375.0,3.5,470.0,6.0,rear,17.0,23.0,7.0,4.0,76.6,210.0,79.9,122.5,9.7,Yes,Yes,Yes,Yes,Yes,Yes,Yes,Yes,Yes,Yes,Yes,Yes,Yes,Yes,Yes,Yes,Yes,Yes,Yes,Yes,Yes,Yes,Yes,Yes,Yes,Yes,Yes,Yes,Yes,Yes,Yes,Yes,Yes
Infiniti,70600,SUV,Petrol,Automatic,400.0,5.6,413.0,8.0,rear,14.0,20.0,7.0,5.0,75.8,210.2,79.9,121.1,9.2,Yes,Yes,Yes,Yes,Yes,Yes,Yes,Yes,Yes,Yes,Yes,Yes,Yes,Yes,Yes,Yes,Yes,Yes,Yes,Yes,Yes,Yes,Yes,Yes,Yes,Yes,Yes,Yes,Yes,Yes,Yes,Yes,Yes
BMW,70100,SUV,Petrol,Automatic,335.0,3.0,330.0,6.0,all,21.0,25.0,5.0,4.0,66.3,194.8,78.9,117.1,7.6,Yes,Yes,Yes,Yes,Yes,Yes,Yes,Yes,Yes,Yes,Yes,Yes,Yes,Yes,Yes,Yes,Yes,Yes,Yes,Yes,Yes,Yes,Yes,Yes,Yes,Yes,Yes,Yes,Yes,Yes,Yes,Yes,Yes
Chevrolet,70090,Truck,Petrol,Automatic,305.0,3.0,495.0,6.0,all,14.0,17.0,5.0,4.0,78.4,232.9,81.2,147.5,10.7,Yes,Yes,Yes,Yes,Yes,Yes,Yes,Yes,Yes,Yes,Yes,Yes,Yes,Yes,Yes,Yes,Yes,Yes,Yes,Yes,Yes,Yes,Yes,Yes,Yes,Yes,Yes,Yes,Yes,Yes,Yes,Yes,Yes
Dodge,69800,SUV,Petrol,Automatic,475.0,6.4,470.0,6.0,all,13.0,19.0,6.0,4.0,70.5,200.1,75.7,119.8,8.0,Yes,Yes,Yes,Yes,Yes,Yes,Yes,Yes,Yes,Yes,Yes,Yes,Yes,Yes,Yes,Yes,Yes,Yes,Yes,Yes,Yes,Yes,Yes,Yes,Yes,Yes,Yes,Yes,Yes,Yes,Yes,Yes,Yes
Mercedes,69750,Coupe,Petrol,Automatic,362.0,3.0,369.0,6.0,rear,22.0,29.0,4.0,2.0,56.3,190.0,73.2,113.1,7.6,Yes,Yes,Yes,Yes,Yes,Yes,Yes,Yes,Yes,Yes,Yes,Yes,Yes,Yes,Yes,Yes,Yes,Yes,Yes,Yes,Yes,Yes,Yes,Yes,Yes,Yes,Yes,Yes,Yes,Yes,Yes,Yes,Yes
Land Rover,69200,SUV,Petrol,Automatic,335.0,3.0,354.0,6.0,all,20.0,26.0,5.0,4.0,66.2,188.9,80.3,113.1,9.9,Yes,Yes,Yes,Yes,Yes,Yes,Yes,Yes,Yes,Yes,Yes,Yes,Yes,Yes,Yes,Yes,Yes,Yes,Yes,Yes,Yes,Yes,Yes,Yes,Yes,Yes,Yes,Yes,Yes,Yes,Yes,Yes,Yes
Land Rover,69100,SUV,Petrol,Automatic,395.0,3.0,406.0,6.0,all,18.0,23.0,5.0,4.0,77.7,197.6,79.1,119.0,8.9,Yes,Yes,Yes,Yes,Yes,Yes,Yes,Yes,Yes,Yes,Yes,Yes,Yes,Yes,Yes,Yes,Yes,Yes,Yes,Yes,Yes,Yes,Yes,Yes,Yes,Yes,Yes,Yes,Yes,Yes,Yes,Yes,Yes
Ford,68380,SUV,Petrol,Automatic,375.0,3.5,470.0,6.0,rear,17.0,23.0,7.0,4.0,76.6,210.0,79.9,122.5,9.7,Yes,Yes,Yes,Yes,Yes,Yes,Yes,Yes,Yes,Yes,Yes,Yes,Yes,Yes,Yes,Yes,Yes,Yes,Yes,Yes,Yes,Yes,Yes,Yes,Yes,Yes,Yes,Yes,Yes,Yes,Yes,Yes,Yes
Jeep,68080,SUV,Petrol,Automatic,420.0,3.0,468.0,6.0,rear,17.0,23.0,8.0,5.0,79.6,226.7,94.0,130.0,10.0,Yes,Yes,Yes,Yes,Yes,Yes,Yes,Yes,Yes,Yes,Yes,Yes,Yes,Yes,Yes,Yes,Yes,Yes,Yes,Yes,Yes,Yes,Yes,Yes,Yes,Yes,Yes,Yes,Yes,Yes,Yes,Yes,Yes
Jeep,68080,SUV,Petrol,Automatic,420.0,3.0,468.0,6.0,rear,17.0,23.0,8.0,5.0,79.6,226.7,94.0,130.0,8.3,Yes,Yes,Yes,Yes,Yes,Yes,Yes,Yes,Yes,Yes,Yes,Yes,Yes,Yes,Yes,Yes,Yes,Yes,Yes,Yes,Yes,Yes,Yes,Yes,Yes,Yes,Yes,Yes,Yes,Yes,Yes,Yes,Yes
BMW,67950,SUV,Petrol,Automatic,335.0,3.0,330.0,6.0,all,21.0,25.0,5.0,4.0,66.3,194.8,78.9,117.1,6.2,Yes,Yes,Yes,Yes,Yes,Yes,Yes,Yes,Yes,Yes,Yes,Yes,Yes,Yes,Yes,Yes,Yes,Yes,Yes,Yes,Yes,Yes,Yes,Yes,Yes,Yes,Yes,Yes,Yes,Yes,Yes,Yes,Yes
Ford,67115,SUV,Petrol,Automatic,270.0,2.3,310.0,6.0,rear,19.0,18.0,5.0,4.0,70.7,210.0,77.8,126.8,9.8,Yes,Yes,Yes,Yes,Yes,Yes,Yes,Yes,Yes,Yes,Yes,Yes,Yes,Yes,Yes,Yes,Yes,Yes,Yes,Yes,Yes,Yes,Yes,Yes,Yes,Yes,Yes,Yes,Yes,Yes,Yes,Yes,Yes
Lexus,67080,SUV,Petrol,Automatic,301.0,4.6,329.0,6.0,all,15.0,19.0,7.0,5.0,73.8,192.1,74.2,109.8,8.1,Yes,Yes,Yes,Yes,Yes,Yes,Yes,Yes,Yes,Yes,Yes,Yes,Yes,Yes,Yes,Yes,Yes,Yes,Yes,Yes,Yes,Yes,Yes,Yes,Yes,Yes,Yes,Yes,Yes,Yes,Yes,Yes,Yes
Dodge,66270,SUV,Petrol,Automatic,475.0,6.4,470.0,8.0,all,13.0,19.0,6.0,4.0,70.5,200.1,75.7,119.8,8.0,Yes,Yes,Yes,Yes,Yes,Yes,Yes,Yes,Yes,Yes,Yes,Yes,Yes,Yes,Yes,Yes,Yes,Yes,Yes,Yes,Yes,Yes,Yes,Yes,Yes,Yes,Yes,Yes,Yes,Yes,Yes,Yes,Yes
Land Rover,66100,SUV,Petrol,Automatic,395.0,3.0,406.0,6.0,all,18.0,23.0,5.0,4.0,77.7,197.6,79.1,119.0,8.9,Yes,Yes,Yes,Yes,Yes,Yes,Yes,Yes,Yes,Yes,Yes,Yes,Yes,Yes,Yes,Yes,Yes,Yes,Yes,Yes,Yes,Yes,Yes,Yes,Yes,Yes,Yes,Yes,Yes,Yes,Yes,Yes,Yes
Nissan,65840,SUV,Petrol,Automatic,400.0,5.6,413.0,8.0,all,14.0,19.0,5.0,4.0,78.9,242.7,79.5,151.6,7.6,Yes,Yes,Yes,Yes,Yes,Yes,Yes,Yes,Yes,Yes,Yes,Yes,Yes,Yes,Yes,Yes,Yes,Yes,Yes,Yes,Yes,Yes,Yes,Yes,Yes,Yes,Yes,Yes,Yes,Yes,Yes,Yes,Yes
Jeep,65760,SUV,Hybrid,Automatic,375.0,2.0,470.0,4.0,all,17.0,23.0,5.0,4.0,70.9,193.5,77.5,116.7,10.9,Yes,Yes,Yes,Yes,Yes,Yes,Yes,Yes,Yes,Yes,Yes,Yes,Yes,Yes,Yes,Yes,Yes,Yes,Yes,Yes,Yes,Yes,Yes,Yes,Yes,Yes,Yes,Yes,Yes,Yes,Yes,Yes,Yes
Jeep,65490,SUV,Petrol,Automatic,420.0,3.0,468.0,6.0,all,15.0,20.0,8.0,5.0,79.6,226.7,94.0,130.0,8.3,Yes,Yes,Yes,Yes,Yes,Yes,Yes,Yes,Yes,Yes,Yes,Yes,Yes,Yes,Yes,Yes,Yes,Yes,Yes,Yes,Yes,Yes,Yes,Yes,Yes,Yes,Yes,Yes,Yes,Yes,Yes,Yes,Yes
Lexus,65130,SUV,Petrol,Automatic,301.0,4.6,329.0,6.0,all,15.0,19.0,7.0,5.0,73.8,192.1,74.2,109.8,8.1,Yes,Yes,Yes,Yes,Yes,Yes,Yes,Yes,Yes,Yes,Yes,Yes,Yes,Yes,Yes,Yes,Yes,Yes,Yes,Yes,Yes,Yes,Yes,Yes,Yes,Yes,Yes,Yes,Yes,Yes,Yes,Yes,Yes
Toyota,65105,Truck,Hybrid,Automatic,437.0,3.5,583.0,6.0,rear,20.0,24.0,5.0,4.0,78.0,233.6,80.2,145.7,10.4,Yes,Yes,Yes,Yes,Yes,Yes,Yes,Yes,Yes,Yes,Yes,Yes,Yes,Yes,Yes,Yes,Yes,Yes,Yes,Yes,Yes,Yes,Yes,Yes,Yes,Yes,Yes,Yes,Yes,Yes,Yes,Yes,Yes
BMW,63700,SUV,Hybrid,Automatic,389.0,3.0,443.0,6.0,all,21.0,26.0,5.0,4.0,68.7,194.3,78.9,117.1,5.0,Yes,Yes,Yes,Yes,Yes,Yes,Yes,Yes,Yes,Yes,Yes,Yes,Yes,Yes,Yes,Yes,Yes,Yes,Yes,Yes,Yes,Yes,Yes,Yes,Yes,Yes,Yes,Yes,Yes,Yes,Yes,Yes,Yes
Dodge,62990,SUV,Petrol,Automatic,475.0,6.4,470.0,6.0,all,13.0,19.0,6.0,4.0,70.5,200.1,75.7,119.8,8.0,Yes,Yes,Yes,Yes,Yes,Yes,Yes,Yes,Yes,Yes,Yes,Yes,Yes,Yes,Yes,Yes,Yes,Yes,Yes,Yes,Yes,Yes,Yes,Yes,Yes,Yes,Yes,Yes,Yes,Yes,Yes,Yes,Yes
Jeep,62875,SUV,Petrol,Automatic,293.0,3.6,257.0,6.0,all,19.0,26.0,5.0,4.0,70.9,193.5,77.5,116.7,10.9,Yes,Yes,Yes,Yes,Yes,Yes,Yes,Yes,Yes,Yes,Yes,Yes,Yes,Yes,Yes,Yes,Yes,Yes,Yes,Yes,Yes,Yes,Yes,Yes,Yes,Yes,Yes,Yes,Yes,Yes,Yes,Yes,Yes
Jeep,62490,SUV,Petrol,Automatic,420.0,3.0,468.0,6.0,rear,17.0,23.0,8.0,5.0,79.6,226.7,94.0,130.0,8.3,Yes,Yes,Yes,Yes,Yes,Yes,Yes,Yes,Yes,Yes,Yes,Yes,Yes,Yes,Yes,Yes,Yes,Yes,Yes,Yes,Yes,Yes,Yes,Yes,Yes,Yes,Yes,Yes,Yes,Yes,Yes,Yes,Yes
Jeep,62490,SUV,Petrol,Automatic,420.0,3.0,468.0,6.0,rear,17.0,23.0,8.0,5.0,79.6,226.7,94.0,130.0,8.3,Yes,Yes,Yes,Yes,Yes,Yes,Yes,Yes,Yes,Yes,Yes,Yes,Yes,Yes,Yes,Yes,Yes,Yes,Yes,Yes,Yes,Yes,Yes,Yes,Yes,Yes,Yes,Yes,Yes,Yes,Yes,Yes,Yes
BMW,61600,SUV,Petrol,Automatic,335.0,3.0,330.0,6.0,rear,21.0,26.0,5.0,4.0,68.7,194.3,78.9,117.1,7.6,Yes,Yes,Yes,Yes,Yes,Yes,Yes,Yes,Yes,Yes,Yes,Yes,Yes,Yes,Yes,Yes,Yes,Yes,Yes,Yes,Yes,Yes,Yes,Yes,Yes,Yes,Yes,Yes,Yes,Yes,Yes,Yes,Yes
Cadillac,60495,Sedan,Petrol,Manual,472.0,3.6,445.0,6.0,rear,15.0,23.0,5.0,4.0,56.0,187.6,71.4,109.3,7.6,Yes,Yes,Yes,Yes,Yes,Yes,Yes,Yes,Yes,Yes,Yes,Yes,Yes,Yes,Yes,Yes,Yes,Yes,Yes,Yes,Yes,Yes,Yes,Yes,Yes,Yes,Yes,Yes,Yes,Yes,Yes,Yes,Yes
Jeep,60300,SUV,Petrol,Automatic,293.0,3.6,257.0,6.0,all,19.0,26.0,5.0,4.0,70.9,193.5,77.5,116.7,10.9,Yes,Yes,Yes,Yes,Yes,Yes,Yes,Yes,Yes,Yes,Yes,Yes,Yes,Yes,Yes,Yes,Yes,Yes,Yes,Yes,Yes,Yes,Yes,Yes,Yes,Yes,Yes,Yes,Yes,Yes,Yes,Yes,Yes
Infiniti,60200,Coupe,Petrol,Automatic,400.0,3.0,350.0,6.0,all,19.0,26.0,4.0,2.0,54.9,184.4,72.8,112.2,4.9,Yes,Yes,Yes,Yes,Yes,Yes,Yes,Yes,Yes,Yes,Yes,Yes,Yes,Yes,Yes,Yes,Yes,Yes,Yes,Yes,Yes,Yes,Yes,Yes,Yes,Yes,Yes,Yes,Yes,Yes,Yes,Yes,Yes
Infiniti,60100,Coupe,Petrol,Automatic,400.0,3.0,350.0,6.0,all,19.0,26.0,4.0,2.0,54.9,184.4,72.8,112.2,4.9,Yes,Yes,Yes,Yes,Yes,Yes,Yes,Yes,Yes,Yes,Yes,Yes,Yes,Yes,Yes,Yes,Yes,Yes,Yes,Yes,Yes,Yes,Yes,Yes,Yes,Yes,Yes,Yes,Yes,Yes,Yes,Yes,Yes
BMW,59450,Coupe,Petrol,Automatic,382.0,3.0,369.0,6.0,all,22.0,31.0,5.0,4.0,56.8,188.5,72.9,112.4,7.6,Yes,Yes,Yes,Yes,Yes,Yes,Yes,Yes,Yes,Yes,Yes,Yes,Yes,Yes,Yes,Yes,Yes,Yes,Yes,Yes,Yes,Yes,Yes,Yes,Yes,Yes,Yes,Yes,Yes,Yes,Yes,Yes,Yes
Audi,59200,SUV,Unknown,Automatic,349.0,3.0,369.0,6.0,all,19.0,24.0,5.0,4.0,65.4,184.6,74.5,111.0,7.6,Yes,Yes,Yes,Yes,Yes,Yes,Yes,Yes,Yes,Yes,Yes,Yes,Yes,Yes,Yes,Yes,Yes,Yes,Yes,Yes,Yes,Yes,Yes,Yes,Yes,Yes,Yes,Yes,Yes,Yes,Yes,Yes,Yes
Audi,59200,SUV,Unknown,Automatic,349.0,3.0,369.0,6.0,all,19.0,24.0,5.0,4.0,65.4,184.6,74.5,111.0,7.6,Yes,Yes,Yes,Yes,Yes,Yes,Yes,Yes,Yes,Yes,Yes,Yes,Yes,Yes,Yes,Yes,Yes,Yes,Yes,Yes,Yes,Yes,Yes,Yes,Yes,Yes,Yes,Yes,Yes,Yes,Yes,Yes,Yes
Ford,58830,SUV,Petrol,Automatic,375.0,3.5,470.0,6.0,rear,17.0,23.0,5.0,4.0,76.4,221.9,79.9,131.6,9.8,Yes,Yes,Yes,Yes,Yes,Yes,Yes,Yes,Yes,Yes,Yes,Yes,Yes,Yes,Yes,Yes,Yes,Yes,Yes,Yes,Yes,Yes,Yes,Yes,Yes,Yes,Yes,Yes,Yes,Yes,Yes,Yes,Yes
Ford,58500,Truck,Petrol,Automatic,385.0,7.3,430.0,4.0,rear,22.0,27.0,5.0,4.0,77.8,254.4,96.0,164.0,7.6,Yes,Yes,Yes,Yes,Yes,Yes,Yes,Yes,Yes,Yes,Yes,Yes,Yes,Yes,Yes,Yes,Yes,Yes,Yes,Yes,Yes,Yes,Yes,Yes,Yes,Yes,Yes,Yes,Yes,Yes,Yes,Yes,Yes
BMW,58250,Coupe,Petrol,Automatic,382.0,3.0,369.0,6.0,rear,24.0,32.0,4.0,2.0,54.8,188.0,72.9,112.2,7.6,Yes,Yes,Yes,Yes,Yes,Yes,Yes,Yes,Yes,Yes,Yes,Yes,Yes,Yes,Yes,Yes,Yes,Yes,Yes,Yes,Yes,Yes,Yes,Yes,Yes,Yes,Yes,Yes,Yes,Yes,Yes,Yes,Yes
Infiniti,58200,Coupe,Petrol,Automatic,400.0,3.0,350.0,6.0,rear,20.0,27.0,4.0,2.0,54.5,184.4,72.8,112.2,4.9,Yes,Yes,Yes,Yes,Yes,Yes,Yes,Yes,Yes,Yes,Yes,Yes,Yes,Yes,Yes,Yes,Yes,Yes,Yes,Yes,Yes,Yes,Yes,Yes,Yes,Yes,Yes,Yes,Yes,Yes,Yes,Yes,Yes
Infiniti,58100,Coupe,Petrol,Automatic,400.0,3.0,350.0,6.0,rear,20.0,27.0,4.0,2.0,54.5,184.4,72.8,112.2,4.9,Yes,Yes,Yes,Yes,Yes,Yes,Yes,Yes,Yes,Yes,Yes,Yes,Yes,Yes,Yes,Yes,Yes,Yes,Yes,Yes,Yes,Yes,Yes,Yes,Yes,Yes,Yes,Yes,Yes,Yes,Yes,Yes,Yes
Lexus,57660,SUV,Hybrid,CVT,308.0,3.5,247.0,6.0,all,29.0,31.0,6.0,4.0,67.7,192.5,74.6,109.8,7.9,Yes,Yes,Yes,Yes,Yes,Yes,Yes,Yes,Yes,Yes,Yes,Yes,Yes,Yes,Yes,Yes,Yes,Yes,Yes,Yes,Yes,Yes,Yes,Yes,Yes,Yes,Yes,Yes,Yes,Yes,Yes,Yes,Yes
Toyota,57500,SUV,Diesel,Automatic,201.0,2.8,370.0,4.0,rear,9.0,12.0,7.0,4.0,73.0,192.0,74.0,110.0,7.6,Yes,Yes,Yes,Yes,Yes,Yes,Yes,Yes,Yes,Yes,Yes,Yes,Yes,Yes,Yes,Yes,Yes,Yes,Yes,Yes,Yes,Yes,Yes,Yes,Yes,Yes,Yes,Yes,Yes,Yes,Yes,Yes,Yes
BMW,57100,Sedan,Petrol,Automatic,248.0,2.0,258.0,6.0,all,23.0,32.0,5.0,4.0,58.2,195.8,73.5,117.1,7.6,Yes,Yes,Yes,Yes,Yes,Yes,Yes,Yes,Yes,Yes,Yes,Yes,Yes,Yes,Yes,Yes,Yes,Yes,Yes,Yes,Yes,Yes,Yes,Yes,Yes,Yes,Yes,Yes,Yes,Yes,Yes,Yes,Yes
BMW,56850,Sedan,Petrol,Automatic,382.0,3.0,369.0,6.0,all,23.0,32.0,5.0,4.0,56.7,185.7,71.9,112.2,7.6,Yes,Yes,Yes,Yes,Yes,Yes,Yes,Yes,Yes,Yes,Yes,Yes,Yes,Yes,Yes,Yes,Yes,Yes,Yes,Yes,Yes,Yes,Yes,Yes,Yes,Yes,Yes,Yes,Yes,Yes,Yes,Yes,Yes
Lexus,56425,SUV,Petrol,Automatic,301.0,4.6,329.0,6.0,all,15.0,19.0,7.0,5.0,74.2,192.1,74.2,109.8,8.1,Yes,Yes,Yes,Yes,Yes,Yes,Yes,Yes,Yes,Yes,Yes,Yes,Yes,Yes,Yes,Yes,Yes,Yes,Yes,Yes,Yes,Yes,Yes,Yes,Yes,Yes,Yes,Yes,Yes,Yes,Yes,Yes,Yes
Lexus,56120,SUV,Petrol,Automatic,301.0,4.6,329.0,6.0,all,15.0,19.0,7.0,5.0,74.2,192.1,74.2,109.8,8.1,Yes,Yes,Yes,Yes,Yes,Yes,Yes,Yes,Yes,Yes,Yes,Yes,Yes,Yes,Yes,Yes,Yes,Yes,Yes,Yes,Yes,Yes,Yes,Yes,Yes,Yes,Yes,Yes,Yes,Yes,Yes,Yes,Yes
Jaguar,56000,SUV,Petrol,Automatic,246.0,2.0,269.0,4.0,all,22.0,27.0,5.0,4.0,65.5,186.9,81.5,113.2,8.4,Yes,Yes,Yes,Yes,Yes,Yes,Yes,Yes,Yes,Yes,Yes,Yes,Yes,Yes,Yes,Yes,Yes,Yes,Yes,Yes,Yes,Yes,Yes,Yes,Yes,Yes,Yes,Yes,Yes,Yes,Yes,Yes,Yes
Ford,55905,SUV,Petrol,Automatic,375.0,3.5,470.0,6.0,rear,17.0,23.0,5.0,4.0,76.4,221.9,79.9,131.6,9.8,Yes,Yes,Yes,Yes,Yes,Yes,Yes,Yes,Yes,Yes,Yes,Yes,Yes,Yes,Yes,Yes,Yes,Yes,Yes,Yes,Yes,Yes,Yes,Yes,Yes,Yes,Yes,Yes,Yes,Yes,Yes,Yes,Yes
Audi,55900,Sedan,Unknown,Automatic,261.0,2.0,273.0,4.0,all,24.0,31.0,5.0,4.0,57.4,194.4,74.3,115.1,4.2,Yes,Yes,Yes,Yes,Yes,Yes,Yes,Yes,Yes,Yes,Yes,Yes,Yes,Yes,Yes,Yes,Yes,Yes,Yes,Yes,Yes,Yes,Yes,Yes,Yes,Yes,Yes,Yes,Yes,Yes,Yes,Yes,Yes
Lexus,55420,SUV,Petrol,Automatic,301.0,4.6,329.0,6.0,all,15.0,19.0,7.0,5.0,74.2,192.1,74.2,109.8,8.1,Yes,Yes,Yes,Yes,Yes,Yes,Yes,Yes,Yes,Yes,Yes,Yes,Yes,Yes,Yes,Yes,Yes,Yes,Yes,Yes,Yes,Yes,Yes,Yes,Yes,Yes,Yes,Yes,Yes,Yes,Yes,Yes,Yes
Audi,54920,SUV,Petrol,Automatic,349.0,3.0,369.0,6.0,all,19.0,24.0,5.0,4.0,65.5,184.3,74.5,111.0,7.6,Yes,Yes,Yes,Yes,Yes,Yes,Yes,Yes,Yes,Yes,Yes,Yes,Yes,Yes,Yes,Yes,Yes,Yes,Yes,Yes,Yes,Yes,Yes,Yes,Yes,Yes,Yes,Yes,Yes,Yes,Yes,Yes,Yes
Lexus,54070,SUV,Hybrid,CVT,308.0,3.5,247.0,6.0,all,31.0,28.0,5.0,4.0,67.7,192.5,74.6,109.8,7.9,Yes,Yes,Yes,Yes,Yes,Yes,Yes,Yes,Yes,Yes,Yes,Yes,Yes,Yes,Yes,Yes,Yes,Yes,Yes,Yes,Yes,Yes,Yes,Yes,Yes,Yes,Yes,Yes,Yes,Yes,Yes,Yes,Yes
Jaguar,54000,SUV,Petrol,Automatic,246.0,2.0,269.0,4.0,all,22.0,27.0,5.0,4.0,65.5,186.9,81.5,113.2,8.4,Yes,Yes,Yes,Yes,Yes,Yes,Yes,Yes,Yes,Yes,Yes,Yes,Yes,Yes,Yes,Yes,Yes,Yes,Yes,Yes,Yes,Yes,Yes,Yes,Yes,Yes,Yes,Yes,Yes,Yes,Yes,Yes,Yes
BMW,53400,SUV,Petrol,Automatic,248.0,2.0,258.0,6.0,all,21.0,28.0,5.0,4.0,63.8,187.6,75.5,112.8,7.2,Yes,Yes,Yes,Yes,Yes,Yes,Yes,Yes,Yes,Yes,Yes,Yes,Yes,Yes,Yes,Yes,Yes,Yes,Yes,Yes,Yes,Yes,Yes,Yes,Yes,Yes,Yes,Yes,Yes,Yes,Yes,Yes,Yes
Nissan,52990,Coupe,Petrol,Manual,400.0,3.0,350.0,6.0,rear,18.0,24.0,2.0,2.0,51.8,172.4,72.6,100.4,4.8,Yes,Yes,Yes,Yes,Yes,Yes,Yes,Yes,Yes,Yes,Yes,Yes,Yes,Yes,Yes,Yes,Yes,Yes,Yes,Yes,Yes,Yes,Yes,Yes,Yes,Yes,Yes,Yes,Yes,Yes,Yes,Yes,Yes
Nissan,52990,Coupe,Petrol,Manual,400.0,3.0,350.0,6.0,rear,18.0,24.0,2.0,2.0,51.8,172.4,72.6,100.4,4.8,Yes,Yes,Yes,Yes,Yes,Yes,Yes,Yes,Yes,Yes,Yes,Yes,Yes,Yes,Yes,Yes,Yes,Yes,Yes,Yes,Yes,Yes,Yes,Yes,Yes,Yes,Yes,Yes,Yes,Yes,Yes,Yes,Yes
Ford,52870,SUV,Petrol,Automatic,318.0,3.3,322.0,6.0,rear,25.0,26.0,6.0,4.0,70.2,198.8,78.9,119.1,7.9,Yes,Yes,Yes,Yes,Yes,Yes,Yes,Yes,Yes,Yes,Yes,Yes,Yes,Yes,Yes,Yes,Yes,Yes,Yes,Yes,Yes,Yes,Yes,Yes,Yes,Yes,Yes,Yes,Yes,Yes,Yes,Yes,Yes
Dodge,52420,SUV,Petrol,Automatic,295.0,3.6,260.0,6.0,all,18.0,25.0,6.0,4.0,72.9,200.8,75.8,119.8,8.1,Yes,Yes,Yes,Yes,Yes,Yes,Yes,Yes,Yes,Yes,Yes,Yes,Yes,Yes,Yes,Yes,Yes,Yes,Yes,Yes,Yes,Yes,Yes,Yes,Yes,Yes,Yes,Yes,Yes,Yes,Yes,Yes,Yes
Jaguar,52400,SUV,Petrol,Automatic,246.0,2.0,269.0,4.0,all,22.0,27.0,5.0,4.0,65.5,186.9,81.5,113.2,8.4,Yes,Yes,Yes,Yes,Yes,Yes,Yes,Yes,Yes,Yes,Yes,Yes,Yes,Yes,Yes,Yes,Yes,Yes,Yes,Yes,Yes,Yes,Yes,Yes,Yes,Yes,Yes,Yes,Yes,Yes,Yes,Yes,Yes
Infiniti,52300,Coupe,Petrol,Automatic,300.0,3.0,295.0,6.0,all,19.0,27.0,4.0,2.0,54.9,184.4,72.8,112.2,4.9,Yes,Yes,Yes,Yes,Yes,Yes,Yes,Yes,Yes,Yes,Yes,Yes,Yes,Yes,Yes,Yes,Yes,Yes,Yes,Yes,Yes,Yes,Yes,Yes,Yes,Yes,Yes,Yes,Yes,Yes,Yes,Yes,Yes
Infiniti,52200,Coupe,Petrol,Automatic,300.0,3.0,295.0,6.0,all,19.0,27.0,4.0,2.0,54.5,184.4,72.8,112.2,4.9,Yes,Yes,Yes,Yes,Yes,Yes,Yes,Yes,Yes,Yes,Yes,Yes,Yes,Yes,Yes,Yes,Yes,Yes,Yes,Yes,Yes,Yes,Yes,Yes,Yes,Yes,Yes,Yes,Yes,Yes,Yes,Yes,Yes
Lexus,51880,SUV,Hybrid,CVT,259.0,3.5,247.0,6.0,all,31.0,28.0,5.0,4.0,67.7,192.5,74.6,109.8,7.9,Yes,Yes,Yes,Yes,Yes,Yes,Yes,Yes,Yes,Yes,Yes,Yes,Yes,Yes,Yes,Yes,Yes,Yes,Yes,Yes,Yes,Yes,Yes,Yes,Yes,Yes,Yes,Yes,Yes,Yes,Yes,Yes,Yes
Lexus,51750,SUV,Hybrid,CVT,308.0,3.5,247.0,6.0,all,31.0,28.0,5.0,4.0,67.7,192.5,74.6,109.8,7.9,Yes,Yes,Yes,Yes,Yes,Yes,Yes,Yes,Yes,Yes,Yes,Yes,Yes,Yes,Yes,Yes,Yes,Yes,Yes,Yes,Yes,Yes,Yes,Yes,Yes,Yes,Yes,Yes,Yes,Yes,Yes,Yes,Yes
Cadillac,50995,Sedan,Petrol,Automatic,360.0,3.0,405.0,6.0,rear,18.0,26.0,5.0,4.0,57.2,193.8,74.1,116.0,7.6,Yes,Yes,Yes,Yes,Yes,Yes,Yes,Yes,Yes,Yes,Yes,Yes,Yes,Yes,Yes,Yes,Yes,Yes,Yes,Yes,Yes,Yes,Yes,Yes,Yes,Yes,Yes,Yes,Yes,Yes,Yes,Yes,Yes
Jaguar,50900,SUV,Petrol,Automatic,246.0,2.0,269.0,4.0,all,22.0,27.0,5.0,4.0,65.5,186.9,81.5,113.2,8.4,Yes,Yes,Yes,Yes,Yes,Yes,Yes,Yes,Yes,Yes,Yes,Yes,Yes,Yes,Yes,Yes,Yes,Yes,Yes,Yes,Yes,Yes,Yes,Yes,Yes,Yes,Yes,Yes,Yes,Yes,Yes,Yes,Yes
Toyota,50500,SUV,Petrol,Automatic,437.0,3.5,583.0,6.0,all,13.0,17.0,7.0,4.0,77.0,205.1,79.9,122.0,9.6,Yes,Yes,Yes,Yes,Yes,Yes,Yes,Yes,Yes,Yes,Yes,Yes,Yes,Yes,Yes,Yes,Yes,Yes,Yes,Yes,Yes,Yes,Yes,Yes,Yes,Yes,Yes,Yes,Yes,Yes,Yes,Yes,Yes
Audi,50300,SUV,Unknown,Automatic,261.0,2.0,273.0,6.0,all,22.0,29.0,5.0,4.0,65.4,184.6,74.5,111.0,7.6,Yes,Yes,Yes,Yes,Yes,Yes,Yes,Yes,Yes,Yes,Yes,Yes,Yes,Yes,Yes,Yes,Yes,Yes,Yes,Yes,Yes,Yes,Yes,Yes,Yes,Yes,Yes,Yes,Yes,Yes,Yes,Yes,Yes
Audi,50300,SUV,Unknown,Automatic,261.0,2.0,273.0,6.0,all,22.0,29.0,5.0,4.0,65.4,184.6,74.5,111.0,7.6,Yes,Yes,Yes,Yes,Yes,Yes,Yes,Yes,Yes,Yes,Yes,Yes,Yes,Yes,Yes,Yes,Yes,Yes,Yes,Yes,Yes,Yes,Yes,Yes,Yes,Yes,Yes,Yes,Yes,Yes,Yes,Yes,Yes
Audi,50300,SUV,Petrol,Automatic,349.0,3.0,369.0,6.0,all,19.0,24.0,5.0,4.0,65.5,184.6,74.5,111.0,7.6,Yes,Yes,Yes,Yes,Yes,Yes,Yes,Yes,Yes,Yes,Yes,Yes,Yes,Yes,Yes,Yes,Yes,Yes,Yes,Yes,Yes,Yes,Yes,Yes,Yes,Yes,Yes,Yes,Yes,Yes,Yes,Yes,Yes
Infiniti,50300,Coupe,Petrol,Automatic,300.0,3.0,295.0,6.0,rear,19.0,28.0,4.0,2.0,54.5,184.4,72.8,112.2,4.9,Yes,Yes,Yes,Yes,Yes,Yes,Yes,Yes,Yes,Yes,Yes,Yes,Yes,Yes,Yes,Yes,Yes,Yes,Yes,Yes,Yes,Yes,Yes,Yes,Yes,Yes,Yes,Yes,Yes,Yes,Yes,Yes,Yes
Infiniti,50300,Coupe,Petrol,Automatic,300.0,3.0,295.0,6.0,rear,19.0,28.0,4.0,2.0,54.5,184.4,72.8,112.2,4.9,Yes,Yes,Yes,Yes,Yes,Yes,Yes,Yes,Yes,Yes,Yes,Yes,Yes,Yes,Yes,Yes,Yes,Yes,Yes,Yes,Yes,Yes,Yes,Yes,Yes,Yes,Yes,Yes,Yes,Yes,Yes,Yes,Yes
Dodge,50220,SUV,Petrol,Automatic,360.0,5.7,390.0,8.0,all,14.0,22.0,7.0,4.0,70.1,200.8,75.8,119.8,8.1,Yes,Yes,Yes,Yes,Yes,Yes,Yes,Yes,Yes,Yes,Yes,Yes,Yes,Yes,Yes,Yes,Yes,Yes,Yes,Yes,Yes,Yes,Yes,Yes,Yes,Yes,Yes,Yes,Yes,Yes,Yes,Yes,Yes
Lexus,50130,Sedan,Petrol,Automatic,203.0,2.5,184.0,4.0,all,25.0,34.0,5.0,4.0,56.9,195.9,73.4,113.0,7.6,Yes,Yes,Yes,Yes,Yes,Yes,Yes,Yes,Yes,Yes,Yes,Yes,Yes,Yes,Yes,Yes,Yes,Yes,Yes,Yes,Yes,Yes,Yes,Yes,Yes,Yes,Yes,Yes,Yes,Yes,Yes,Yes,Yes
Lexus,50130,Sedan,Petrol,Automatic,203.0,2.5,184.0,4.0,all,25.0,34.0,5.0,4.0,56.9,195.9,73.4,113.0,7.6,Yes,Yes,Yes,Yes,Yes,Yes,Yes,Yes,Yes,Yes,Yes,Yes,Yes,Yes,Yes,Yes,Yes,Yes,Yes,Yes,Yes,Yes,Yes,Yes,Yes,Yes,Yes,Yes,Yes,Yes,Yes,Yes,Yes
Lexus,50130,Sedan,Petrol,Automatic,302.0,3.5,267.0,6.0,front,22.0,32.0,5.0,4.0,56.9,195.9,73.4,113.0,7.6,Yes,Yes,Yes,Yes,Yes,Yes,Yes,Yes,Yes,Yes,Yes,Yes,Yes,Yes,Yes,Yes,Yes,Yes,Yes,Yes,Yes,Yes,Yes,Yes,Yes,Yes,Yes,Yes,Yes,Yes,Yes,Yes,Yes
Nissan,49990,Coupe,Petrol,Manual,400.0,3.0,350.0,6.0,rear,18.0,24.0,2.0,2.0,51.8,172.4,72.6,100.4,4.8,Yes,Yes,Yes,Yes,Yes,Yes,Yes,Yes,Yes,Yes,Yes,Yes,Yes,Yes,Yes,Yes,Yes,Yes,Yes,Yes,Yes,Yes,Yes,Yes,Yes,Yes,Yes,Yes,Yes,Yes,Yes,Yes,Yes
Lexus,49980,Sedan,Petrol,Automatic,203.0,2.5,184.0,4.0,all,25.0,34.0,5.0,4.0,56.9,195.9,73.4,113.0,7.6,Yes,Yes,Yes,Yes,Yes,Yes,Yes,Yes,Yes,Yes,Yes,Yes,Yes,Yes,Yes,Yes,Yes,Yes,Yes,Yes,Yes,Yes,Yes,Yes,Yes,Yes,Yes,Yes,Yes,Yes,Yes,Yes,Yes
Lexus,49980,Sedan,Petrol,Automatic,302.0,3.5,267.0,6.0,front,22.0,32.0,5.0,4.0,56.9,195.9,73.4,113.0,7.6,Yes,Yes,Yes,Yes,Yes,Yes,Yes,Yes,Yes,Yes,Yes,Yes,Yes,Yes,Yes,Yes,Yes,Yes,Yes,Yes,Yes,Yes,Yes,Yes,Yes,Yes,Yes,Yes,Yes,Yes,Yes,Yes,Yes
Dodge,49820,SUV,Petrol,Automatic,295.0,3.6,260.0,6.0,rear,19.0,26.0,6.0,4.0,70.1,200.8,75.8,119.8,8.1,Yes,Yes,Yes,Yes,Yes,Yes,Yes,Yes,Yes,Yes,Yes,Yes,Yes,Yes,Yes,Yes,Yes,Yes,Yes,Yes,Yes,Yes,Yes,Yes,Yes,Yes,Yes,Yes,Yes,Yes,Yes,Yes,Yes
Dodge,49790,SUV,Unknown,Automatic,293.0,5.7,390.0,6.0,rear,14.0,22.0,7.0,4.0,70.1,200.8,75.8,119.8,7.6,Yes,Yes,Yes,Yes,Yes,Yes,Yes,Yes,Yes,Yes,Yes,Yes,Yes,Yes,Yes,Yes,Yes,Yes,Yes,Yes,Yes,Yes,Yes,Yes,Yes,Yes,Yes,Yes,Yes,Yes,Yes,Yes,Yes
Lexus,49400,SUV,Petrol,Automatic,275.0,2.4,317.0,4.0,all,22.0,29.0,5.0,4.0,65.4,183.5,73.4,105.9,7.7,Yes,Yes,Yes,Yes,Yes,Yes,Yes,Yes,Yes,Yes,Yes,Yes,Yes,Yes,Yes,Yes,Yes,Yes,Yes,Yes,Yes,Yes,Yes,Yes,Yes,Yes,Yes,Yes,Yes,Yes,Yes,Yes,Yes
Lexus,49000,SUV,Petrol,CVT,240.0,2.5,167.0,4.0,all,41.0,37.0,5.0,4.0,65.4,183.5,73.4,105.9,7.7,Yes,Yes,Yes,Yes,Yes,Yes,Yes,Yes,Yes,Yes,Yes,Yes,Yes,Yes,Yes,Yes,Yes,Yes,Yes,Yes,Yes,Yes,Yes,Yes,Yes,Yes,Yes,Yes,Yes,Yes,Yes,Yes,Yes
Subaru,48190,SUV,Petrol,CVT,260.0,2.4,277.0,4.0,all,20.0,26.0,7.0,5.0,71.6,196.8,76.0,113.8,8.7,Yes,Yes,Yes,Yes,Yes,Yes,Yes,Yes,Yes,Yes,Yes,Yes,Yes,Yes,Yes,Yes,Yes,Yes,Yes,Yes,Yes,Yes,Yes,Yes,Yes,Yes,Yes,Yes,Yes,Yes,Yes,Yes,Yes
Lexus,47800,Sedan,Petrol,Automatic,302.0,3.5,267.0,6.0,front,22.0,31.0,5.0,4.0,56.9,195.9,73.4,113.0,7.6,Yes,Yes,Yes,Yes,Yes,Yes,Yes,Yes,Yes,Yes,Yes,Yes,Yes,Yes,Yes,Yes,Yes,Yes,Yes,Yes,Yes,Yes,Yes,Yes,Yes,Yes,Yes,Yes,Yes,Yes,Yes,Yes,Yes
Dodge,47620,SUV,Petrol,Automatic,360.0,5.7,390.0,8.0,rear,19.0,22.0,7.0,4.0,70.1,200.8,75.8,119.8,8.1,Yes,Yes,Yes,Yes,Yes,Yes,Yes,Yes,Yes,Yes,Yes,Yes,Yes,Yes,Yes,Yes,Yes,Yes,Yes,Yes,Yes,Yes,Yes,Yes,Yes,Yes,Yes,Yes,Yes,Yes,Yes,Yes,Yes
Dodge,47620,SUV,Petrol,Automatic,360.0,5.7,390.0,8.0,rear,19.0,22.0,7.0,4.0,70.1,200.8,75.8,119.8,8.1,Yes,Yes,Yes,Yes,Yes,Yes,Yes,Yes,Yes,Yes,Yes,Yes,Yes,Yes,Yes,Yes,Yes,Yes,Yes,Yes,Yes,Yes,Yes,Yes,Yes,Yes,Yes,Yes,Yes,Yes,Yes,Yes,Yes
Toyota,47510,SUV,Petrol,Manual,166.0,2.7,181.0,4.0,rear,13.0,17.0,7.0,4.0,73.0,192.0,74.0,110.0,11.0,Yes,Yes,Yes,Yes,Yes,Yes,Yes,Yes,Yes,Yes,Yes,Yes,Yes,Yes,Yes,Yes,Yes,Yes,Yes,Yes,Yes,Yes,Yes,Yes,Yes,Yes,Yes,Yes,Yes,Yes,Yes,Yes,Yes
Lexus,47050,SUV,Petrol,Automatic,275.0,2.4,317.0,4.0,all,22.0,28.0,5.0,4.0,65.4,183.5,73.4,105.9,7.7,Yes,Yes,Yes,Yes,Yes,Yes,Yes,Yes,Yes,Yes,Yes,Yes,Yes,Yes,Yes,Yes,Yes,Yes,Yes,Yes,Yes,Yes,Yes,Yes,Yes,Yes,Yes,Yes,Yes,Yes,Yes,Yes,Yes
Lexus,46920,SUV,Petrol,Automatic,275.0,2.4,317.0,4.0,front,19.0,26.0,5.0,4.0,67.7,192.5,74.6,109.8,7.9,Yes,Yes,Yes,Yes,Yes,Yes,Yes,Yes,Yes,Yes,Yes,Yes,Yes,Yes,Yes,Yes,Yes,Yes,Yes,Yes,Yes,Yes,Yes,Yes,Yes,Yes,Yes,Yes,Yes,Yes,Yes,Yes,Yes
Cadillac,46590,Sedan,Petrol,Automatic,325.0,2.7,380.0,4.0,rear,20.0,29.0,5.0,4.0,56.0,187.2,71.4,109.3,7.6,Yes,Yes,Yes,Yes,Yes,Yes,Yes,Yes,Yes,Yes,Yes,Yes,Yes,Yes,Yes,Yes,Yes,Yes,Yes,Yes,Yes,Yes,Yes,Yes,Yes,Yes,Yes,Yes,Yes,Yes,Yes,Yes,Yes
Lexus,46510,Sedan,Petrol,Automatic,302.0,3.5,267.0,6.0,front,22.0,32.0,5.0,4.0,56.9,195.9,73.4,113.0,7.6,Yes,Yes,Yes,Yes,Yes,Yes,Yes,Yes,Yes,Yes,Yes,Yes,Yes,Yes,Yes,Yes,Yes,Yes,Yes,Yes,Yes,Yes,Yes,Yes,Yes,Yes,Yes,Yes,Yes,Yes,Yes,Yes,Yes
BMW,46400,Sedan,Unknown,Automatic,301.0,2.0,332.0,6.0,all,24.0,33.0,5.0,4.0,55.9,178.5,70.9,105.1,7.6,Yes,Yes,Yes,Yes,Yes,Yes,Yes,Yes,Yes,Yes,Yes,Yes,Yes,Yes,Yes,Yes,Yes,Yes,Yes,Yes,Yes,Yes,Yes,Yes,Yes,Yes,Yes,Yes,Yes,Yes,Yes,Yes,Yes
Subaru,46295,SUV,Petrol,CVT,260.0,2.4,277.0,4.0,all,20.0,26.0,8.0,5.0,71.6,196.8,76.0,113.8,8.7,Yes,Yes,Yes,Yes,Yes,Yes,Yes,Yes,Yes,Yes,Yes,Yes,Yes,Yes,Yes,Yes,Yes,Yes,Yes,Yes,Yes,Yes,Yes,Yes,Yes,Yes,Yes,Yes,Yes,Yes,Yes,Yes,Yes
Honda,46230,SUV,Petrol,Automatic,280.0,3.5,262.0,6.0,all,18.0,24.0,5.0,4.0,70.8,210.2,78.6,125.2,7.6,Yes,Yes,Yes,Yes,Yes,Yes,Yes,Yes,Yes,Yes,Yes,Yes,Yes,Yes,Yes,Yes,Yes,Yes,Yes,Yes,Yes,Yes,Yes,Yes,Yes,Yes,Yes,Yes,Yes,Yes,Yes,Yes,Yes
Chevrolet,46200,Truck,Petrol,Automatic,401.0,6.6,464.0,8.0,rear,15.0,20.0,6.0,4.0,79.94,235.5,81.75,141.55,10.7,Yes,Yes,Yes,Yes,Yes,Yes,Yes,Yes,Yes,Yes,Yes,Yes,Yes,Yes,Yes,Yes,Yes,Yes,Yes,Yes,Yes,Yes,Yes,Yes,Yes,Yes,Yes,Yes,Yes,Yes,Yes,Yes,Yes
Audi,46000,SUV,Petrol,Automatic,261.0,2.0,273.0,6.0,all,23.0,29.0,5.0,4.0,65.5,184.3,74.5,111.0,7.6,Yes,Yes,Yes,Yes,Yes,Yes,Yes,Yes,Yes,Yes,Yes,Yes,Yes,Yes,Yes,Yes,Yes,Yes,Yes,Yes,Yes,Yes,Yes,Yes,Yes,Yes,Yes,Yes,Yes,Yes,Yes,Yes,Yes
Lexus,45600,Sedan,Unknown,Automatic,203.0,2.5,184.0,6.0,all,25.0,34.0,5.0,4.0,56.9,195.9,73.4,113.0,7.6,Yes,Yes,Yes,Yes,Yes,Yes,Yes,Yes,Yes,Yes,Yes,Yes,Yes,Yes,Yes,Yes,Yes,Yes,Yes,Yes,Yes,Yes,Yes,Yes,Yes,Yes,Yes,Yes,Yes,Yes,Yes,Yes,Yes
Lexus,45550,Sedan,Petrol,Automatic,311.0,3.5,280.0,6.0,all,19.0,26.0,5.0,4.0,56.7,185.4,72.4,110.2,5.5,Yes,Yes,Yes,Yes,Yes,Yes,Yes,Yes,Yes,Yes,Yes,Yes,Yes,Yes,Yes,Yes,Yes,Yes,Yes,Yes,Yes,Yes,Yes,Yes,Yes,Yes,Yes,Yes,Yes,Yes,Yes,Yes,Yes
BMW,45400,SUV,Petrol,Automatic,248.0,2.0,258.0,4.0,rear,23.0,29.0,5.0,4.0,66.0,185.9,74.4,112.8,7.2,Yes,Yes,Yes,Yes,Yes,Yes,Yes,Yes,Yes,Yes,Yes,Yes,Yes,Yes,Yes,Yes,Yes,Yes,Yes,Yes,Yes,Yes,Yes,Yes,Yes,Yes,Yes,Yes,Yes,Yes,Yes,Yes,Yes
Land Rover,45100,SUV,Petrol,Automatic,246.0,2.0,269.0,4.0,all,19.0,23.0,5.0,4.0,68.0,181.0,75.0,107.9,8.3,Yes,Yes,Yes,Yes,Yes,Yes,Yes,Yes,Yes,Yes,Yes,Yes,Yes,Yes,Yes,Yes,Yes,Yes,Yes,Yes,Yes,Yes,Yes,Yes,Yes,Yes,Yes,Yes,Yes,Yes,Yes,Yes,Yes
Volkswagen,45090,Hatchback,Petrol,Automatic,315.0,2.0,280.0,4.0,all,20.0,28.0,5.0,4.0,57.7,168.9,70.4,103.5,4.7,Yes,Yes,Yes,Yes,Yes,Yes,Yes,Yes,Yes,Yes,Yes,Yes,Yes,Yes,Yes,Yes,Yes,Yes,Yes,Yes,Yes,Yes,Yes,Yes,Yes,Yes,Yes,Yes,Yes,Yes,Yes,Yes,Yes
Lexus,45000,SUV,Petrol,Automatic,275.0,2.4,317.0,4.0,all,22.0,29.0,5.0,4.0,65.4,183.5,73.4,105.9,7.7,Yes,Yes,Yes,Yes,Yes,Yes,Yes,Yes,Yes,Yes,Yes,Yes,Yes,Yes,Yes,Yes,Yes,Yes,Yes,Yes,Yes,Yes,Yes,Yes,Yes,Yes,Yes,Yes,Yes,Yes,Yes,Yes,Yes
Honda,44730,SUV,Petrol,Automatic,280.0,3.5,262.0,6.0,all,18.0,24.0,5.0,4.0,70.8,210.2,78.6,125.2,7.6,Yes,Yes,Yes,Yes,Yes,Yes,Yes,Yes,Yes,Yes,Yes,Yes,Yes,Yes,Yes,Yes,Yes,Yes,Yes,Yes,Yes,Yes,Yes,Yes,Yes,Yes,Yes,Yes,Yes,Yes,Yes,Yes,Yes
Lexus,44600,SUV,Petrol,CVT,240.0,2.5,167.0,4.0,all,41.0,37.0,5.0,4.0,65.4,183.5,73.4,105.9,7.7,Yes,Yes,Yes,Yes,Yes,Yes,Yes,Yes,Yes,Yes,Yes,Yes,Yes,Yes,Yes,Yes,Yes,Yes,Yes,Yes,Yes,Yes,Yes,Yes,Yes,Yes,Yes,Yes,Yes,Yes,Yes,Yes,Yes
Toyota,44600,SUV,Petrol,Manual,166.0,2.7,181.0,4.0,rear,13.0,17.0,7.0,4.0,73.0,192.0,74.0,110.0,11.0,Yes,Yes,Yes,Yes,Yes,Yes,Yes,Yes,Yes,Yes,Yes,Yes,Yes,Yes,Yes,Yes,Yes,Yes,Yes,Yes,Yes,Yes,Yes,Yes,Yes,Yes,Yes,Yes,Yes,Yes,Yes,Yes,Yes
Ford,44560,Truck,Diesel,Automatic,385.0,6.2,430.0,8.0,rear,22.0,27.0,4.0,2.0,78.1,231.8,96.0,142.0,7.6,Yes,Yes,Yes,Yes,Yes,Yes,Yes,Yes,Yes,Yes,Yes,Yes,Yes,Yes,Yes,Yes,Yes,Yes,Yes,Yes,Yes,Yes,Yes,Yes,Yes,Yes,Yes,Yes,Yes,Yes,Yes,Yes,Yes
Lexus,44500,SUV,Petrol,Automatic,203.0,2.5,184.0,4.0,front,26.0,33.0,5.0,4.0,65.8,183.5,73.4,105.9,7.7,Yes,Yes,Yes,Yes,Yes,Yes,Yes,Yes,Yes,Yes,Yes,Yes,Yes,Yes,Yes,Yes,Yes,Yes,Yes,Yes,Yes,Yes,Yes,Yes,Yes,Yes,Yes,Yes,Yes,Yes,Yes,Yes,Yes
Honda,44310,SUV,Petrol,Automatic,280.0,3.5,262.0,6.0,all,19.0,25.0,8.0,5.0,71.2,196.5,78.6,110.9,7.6,Yes,Yes,Yes,Yes,Yes,Yes,Yes,Yes,Yes,Yes,Yes,Yes,Yes,Yes,Yes,Yes,Yes,Yes,Yes,Yes,Yes,Yes,Yes,Yes,Yes,Yes,Yes,Yes,Yes,Yes,Yes,Yes,Yes
BMW,44300,Sedan,Petrol,Automatic,255.0,2.0,295.0,4.0,all,25.0,34.0,5.0,4.0,57.0,185.7,71.9,112.2,7.6,Yes,Yes,Yes,Yes,Yes,Yes,Yes,Yes,Yes,Yes,Yes,Yes,Yes,Yes,Yes,Yes,Yes,Yes,Yes,Yes,Yes,Yes,Yes,Yes,Yes,Yes,Yes,Yes,Yes,Yes,Yes,Yes,Yes
BMW,43990,Coupe,Petrol,Automatic,382.0,3.0,369.0,6.0,rear,23.0,32.0,4.0,2.0,55.3,179.4,72.4,107.9,5.2,Yes,Yes,Yes,Yes,Yes,Yes,Yes,Yes,Yes,Yes,Yes,Yes,Yes,Yes,Yes,Yes,Yes,Yes,Yes,Yes,Yes,Yes,Yes,Yes,Yes,Yes,Yes,Yes,Yes,Yes,Yes,Yes,Yes
Infiniti,43750,Coupe,Petrol,Automatic,300.0,3.0,295.0,6.0,all,19.0,27.0,4.0,2.0,54.9,184.4,72.8,112.2,7.6,Yes,Yes,Yes,Yes,Yes,Yes,Yes,Yes,Yes,Yes,Yes,Yes,Yes,Yes,Yes,Yes,Yes,Yes,Yes,Yes,Yes,Yes,Yes,Yes,Yes,Yes,Yes,Yes,Yes,Yes,Yes,Yes,Yes
Cadillac,42990,Sedan,Petrol,Automatic,235.0,2.0,258.0,4.0,rear,23.0,32.0,5.0,4.0,57.2,193.8,74.1,116.0,7.6,Yes,Yes,Yes,Yes,Yes,Yes,Yes,Yes,Yes,Yes,Yes,Yes,Yes,Yes,Yes,Yes,Yes,Yes,Yes,Yes,Yes,Yes,Yes,Yes,Yes,Yes,Yes,Yes,Yes,Yes,Yes,Yes,Yes
Cadillac,42990,Sedan,Petrol,Automatic,235.0,2.0,258.0,4.0,rear,23.0,32.0,5.0,4.0,57.2,193.8,74.1,116.0,7.6,Yes,Yes,Yes,Yes,Yes,Yes,Yes,Yes,Yes,Yes,Yes,Yes,Yes,Yes,Yes,Yes,Yes,Yes,Yes,Yes,Yes,Yes,Yes,Yes,Yes,Yes,Yes,Yes,Yes,Yes,Yes,Yes,Yes
Cadillac,42695,Sedan,Petrol,Automatic,237.0,2.0,258.0,4.0,rear,23.0,32.0,5.0,4.0,57.2,193.8,74.1,116.0,7.6,Yes,Yes,Yes,Yes,Yes,Yes,Yes,Yes,Yes,Yes,Yes,Yes,Yes,Yes,Yes,Yes,Yes,Yes,Yes,Yes,Yes,Yes,Yes,Yes,Yes,Yes,Yes,Yes,Yes,Yes,Yes,Yes,Yes
Subaru,42390,Sedan,Petrol,CVT,271.0,2.4,258.0,4.0,all,19.0,25.0,5.0,4.0,57.8,183.8,71.9,105.2,5.4,Yes,Yes,Yes,Yes,Yes,Yes,Yes,Yes,Yes,Yes,Yes,Yes,Yes,Yes,Yes,Yes,Yes,Yes,Yes,Yes,Yes,Yes,Yes,Yes,Yes,Yes,Yes,Yes,Yes,Yes,Yes,Yes,Yes
Subaru,42390,Sedan,Petrol,CVT,271.0,2.4,258.0,4.0,all,19.0,25.0,5.0,4.0,57.8,183.8,71.9,105.2,5.4,Yes,Yes,Yes,Yes,Yes,Yes,Yes,Yes,Yes,Yes,Yes,Yes,Yes,Yes,Yes,Yes,Yes,Yes,Yes,Yes,Yes,Yes,Yes,Yes,Yes,Yes,Yes,Yes,Yes,Yes,Yes,Yes,Yes
BMW,42300,Sedan,Petrol,Automatic,255.0,2.0,295.0,4.0,rear,25.0,34.0,5.0,4.0,56.8,185.7,71.9,112.2,7.6,Yes,Yes,Yes,Yes,Yes,Yes,Yes,Yes,Yes,Yes,Yes,Yes,Yes,Yes,Yes,Yes,Yes,Yes,Yes,Yes,Yes,Yes,Yes,Yes,Yes,Yes,Yes,Yes,Yes,Yes,Yes,Yes,Yes
Mazda,42300,SUV,Petrol,Automatic,227.0,2.5,310.0,4.0,all,23.0,29.0,5.0,4.0,63.9,185.8,75.6,110.8,8.6,Yes,Yes,Yes,Yes,Yes,Yes,Yes,Yes,Yes,Yes,Yes,Yes,Yes,Yes,Yes,Yes,Yes,Yes,Yes,Yes,Yes,Yes,Yes,Yes,Yes,Yes,Yes,Yes,Yes,Yes,Yes,Yes,Yes
Subaru,42290,SUV,Petrol,CVT,260.0,2.4,277.0,4.0,all,23.0,30.0,5.0,4.0,66.4,191.3,73.0,108.1,8.7,Yes,Yes,Yes,Yes,Yes,Yes,Yes,Yes,Yes,Yes,Yes,Yes,Yes,Yes,Yes,Yes,Yes,Yes,Yes,Yes,Yes,Yes,Yes,Yes,Yes,Yes,Yes,Yes,Yes,Yes,Yes,Yes,Yes
Lexus,42120,Sedan,Petrol,Automatic,311.0,3.5,280.0,6.0,rear,20.0,28.0,5.0,4.0,56.5,185.4,72.4,110.2,5.5,Yes,Yes,Yes,Yes,Yes,Yes,Yes,Yes,Yes,Yes,Yes,Yes,Yes,Yes,Yes,Yes,Yes,Yes,Yes,Yes,Yes,Yes,Yes,Yes,Yes,Yes,Yes,Yes,Yes,Yes,Yes,Yes,Yes
Cadillac,42090,SUV,Petrol,Automatic,235.0,2.0,258.0,4.0,all,22.0,29.0,5.0,4.0,64.1,181.1,76.7,109.4,6.7,Yes,Yes,Yes,Yes,Yes,Yes,Yes,Yes,Yes,Yes,Yes,Yes,Yes,Yes,Yes,Yes,Yes,Yes,Yes,Yes,Yes,Yes,Yes,Yes,Yes,Yes,Yes,Yes,Yes,Yes,Yes,Yes,Yes
Mazda,42000,SUV,Petrol,Automatic,227.0,2.5,310.0,4.0,all,23.0,19.0,5.0,4.0,65.3,185.8,72.6,110.8,8.6,Yes,Yes,Yes,Yes,Yes,Yes,Yes,Yes,Yes,Yes,Yes,Yes,Yes,Yes,Yes,Yes,Yes,Yes,Yes,Yes,Yes,Yes,Yes,Yes,Yes,Yes,Yes,Yes,Yes,Yes,Yes,Yes,Yes
Cadillac,41790,Sedan,Petrol,Automatic,235.0,2.0,258.0,4.0,rear,23.0,32.0,5.0,4.0,57.2,193.8,74.1,116.0,7.6,Yes,Yes,Yes,Yes,Yes,Yes,Yes,Yes,Yes,Yes,Yes,Yes,Yes,Yes,Yes,Yes,Yes,Yes,Yes,Yes,Yes,Yes,Yes,Yes,Yes,Yes,Yes,Yes,Yes,Yes,Yes,Yes,Yes
Honda,41780,SUV,Petrol,Automatic,280.0,3.5,262.0,6.0,all,18.0,24.0,5.0,4.0,70.8,210.2,78.6,125.2,7.6,Yes,Yes,Yes,Yes,Yes,Yes,Yes,Yes,Yes,Yes,Yes,Yes,Yes,Yes,Yes,Yes,Yes,Yes,Yes,Yes,Yes,Yes,Yes,Yes,Yes,Yes,Yes,Yes,Yes,Yes,Yes,Yes,Yes
Infiniti,41750,Coupe,Petrol,Automatic,300.0,3.0,295.0,6.0,rear,19.0,28.0,4.0,2.0,54.5,184.4,72.8,112.2,4.9,Yes,Yes,Yes,Yes,Yes,Yes,Yes,Yes,Yes,Yes,Yes,Yes,Yes,Yes,Yes,Yes,Yes,Yes,Yes,Yes,Yes,Yes,Yes,Yes,Yes,Yes,Yes,Yes,Yes,Yes,Yes,Yes,Yes
Dodge,41590,SUV,Petrol,Automatic,295.0,3.6,260.0,6.0,all,18.0,25.0,7.0,4.0,72.9,200.8,75.8,119.8,8.1,Yes,Yes,Yes,Yes,Yes,Yes,Yes,Yes,Yes,Yes,Yes,Yes,Yes,Yes,Yes,Yes,Yes,Yes,Yes,Yes,Yes,Yes,Yes,Yes,Yes,Yes,Yes,Yes,Yes,Yes,Yes,Yes,Yes
Mazda,41550,SUV,Petrol,Automatic,187.0,2.5,186.0,4.0,all,24.0,30.0,5.0,4.0,63.5,185.8,75.6,110.8,8.3,Yes,Yes,Yes,Yes,Yes,Yes,Yes,Yes,Yes,Yes,Yes,Yes,Yes,Yes,Yes,Yes,Yes,Yes,Yes,Yes,Yes,Yes,Yes,Yes,Yes,Yes,Yes,Yes,Yes,Yes,Yes,Yes,Yes
Subaru,41295,SUV,Petrol,CVT,260.0,2.4,277.0,4.0,all,20.0,26.0,7.0,5.0,71.6,196.8,76.0,113.8,8.7,Yes,Yes,Yes,Yes,Yes,Yes,Yes,Yes,Yes,Yes,Yes,Yes,Yes,Yes,Yes,Yes,Yes,Yes,Yes,Yes,Yes,Yes,Yes,Yes,Yes,Yes,Yes,Yes,Yes,Yes,Yes,Yes,Yes
Dodge,41070,SUV,Petrol,Automatic,295.0,3.6,260.0,6.0,all,18.0,25.0,5.0,4.0,72.9,200.8,75.8,119.8,8.1,Yes,Yes,Yes,Yes,Yes,Yes,Yes,Yes,Yes,Yes,Yes,Yes,Yes,Yes,Yes,Yes,Yes,Yes,Yes,Yes,Yes,Yes,Yes,Yes,Yes,Yes,Yes,Yes,Yes,Yes,Yes,Yes,Yes
Lexus,40950,Sedan,Unknown,Automatic,203.0,2.5,184.0,6.0,all,17.0,22.0,5.0,4.0,56.9,195.9,73.4,113.0,7.6,Yes,Yes,Yes,Yes,Yes,Yes,Yes,Yes,Yes,Yes,Yes,Yes,Yes,Yes,Yes,Yes,Yes,Yes,Yes,Yes,Yes,Yes,Yes,Yes,Yes,Yes,Yes,Yes,Yes,Yes,Yes,Yes,Yes
Cadillac,40790,SUV,Petrol,Automatic,235.0,2.0,258.0,4.0,all,22.0,29.0,5.0,4.0,64.1,181.1,76.7,109.4,6.7,Yes,Yes,Yes,Yes,Yes,Yes,Yes,Yes,Yes,Yes,Yes,Yes,Yes,Yes,Yes,Yes,Yes,Yes,Yes,Yes,Yes,Yes,Yes,Yes,Yes,Yes,Yes,Yes,Yes,Yes,Yes,Yes,Yes
Audi,40500,Sedan,Unknown,Automatic,201.0,2.0,221.0,4.0,all,27.0,35.0,5.0,4.0,56.2,176.9,74.5,103.5,7.6,Yes,Yes,Yes,Yes,Yes,Yes,Yes,Yes,Yes,Yes,Yes,Yes,Yes,Yes,Yes,Yes,Yes,Yes,Yes,Yes,Yes,Yes,Yes,Yes,Yes,Yes,Yes,Yes,Yes,Yes,Yes,Yes,Yes
Chevrolet,40500,Truck,Petrol,Automatic,401.0,6.6,464.0,8.0,rear,15.0,20.0,3.0,2.0,79.94,235.5,81.75,141.55,7.6,Yes,Yes,Yes,Yes,Yes,Yes,Yes,Yes,Yes,Yes,Yes,Yes,Yes,Yes,Yes,Yes,Yes,Yes,Yes,Yes,Yes,Yes,Yes,Yes,Yes,Yes,Yes,Yes,Yes,Yes,Yes,Yes,Yes
Dodge,40500,Sedan,Petrol,Automatic,370.0,5.7,395.0,8.0,rear,16.0,25.0,5.0,4.0,57.8,198.4,75.0,120.0,5.2,Yes,Yes,Yes,Yes,Yes,Yes,Yes,Yes,Yes,Yes,Yes,Yes,Yes,Yes,Yes,Yes,Yes,Yes,Yes,Yes,Yes,Yes,Yes,Yes,Yes,Yes,Yes,Yes,Yes,Yes,Yes,Yes,Yes
Toyota,40470,Truck,Petrol,Automatic,278.0,3.5,265.0,6.0,all,18.0,22.0,5.0,4.0,70.6,225.5,75.2,127.4,7.6,Yes,Yes,Yes,Yes,Yes,Yes,Yes,Yes,Yes,Yes,Yes,Yes,Yes,Yes,Yes,Yes,Yes,Yes,Yes,Yes,Yes,Yes,Yes,Yes,Yes,Yes,Yes,Yes,Yes,Yes,Yes,Yes,Yes
Mazda,40300,SUV,Petrol,Automatic,227.0,2.5,310.0,4.0,all,23.0,29.0,5.0,4.0,63.9,185.8,75.6,110.8,8.6,Yes,Yes,Yes,Yes,Yes,Yes,Yes,Yes,Yes,Yes,Yes,Yes,Yes,Yes,Yes,Yes,Yes,Yes,Yes,Yes,Yes,Yes,Yes,Yes,Yes,Yes,Yes,Yes,Yes,Yes,Yes,Yes,Yes
Cadillac,40195,SUV,Petrol,Automatic,235.0,2.0,258.0,4.0,all,22.0,29.0,5.0,4.0,64.1,181.1,76.7,109.4,6.7,Yes,Yes,Yes,Yes,Yes,Yes,Yes,Yes,Yes,Yes,Yes,Yes,Yes,Yes,Yes,Yes,Yes,Yes,Yes,Yes,Yes,Yes,Yes,Yes,Yes,Yes,Yes,Yes,Yes,Yes,Yes,Yes,Yes
Mazda,39950,SUV,Unknown,Automatic,227.0,2.5,310.0,6.0,all,23.0,29.0,5.0,4.0,63.9,185.8,75.6,110.8,8.6,Yes,Yes,Yes,Yes,Yes,Yes,Yes,Yes,Yes,Yes,Yes,Yes,Yes,Yes,Yes,Yes,Yes,Yes,Yes,Yes,Yes,Yes,Yes,Yes,Yes,Yes,Yes,Yes,Yes,Yes,Yes,Yes,Yes
Subaru,39940,SUV,Petrol,CVT,260.0,2.4,277.0,4.0,all,23.0,30.0,5.0,4.0,66.4,191.3,73.0,108.1,8.7,Yes,Yes,Yes,Yes,Yes,Yes,Yes,Yes,Yes,Yes,Yes,Yes,Yes,Yes,Yes,Yes,Yes,Yes,Yes,Yes,Yes,Yes,Yes,Yes,Yes,Yes,Yes,Yes,Yes,Yes,Yes,Yes,Yes
Dodge,39745,Sedan,Petrol,Automatic,370.0,5.7,395.0,8.0,rear,16.0,25.0,5.0,4.0,57.8,198.4,75.0,120.0,5.2,Yes,Yes,Yes,Yes,Yes,Yes,Yes,Yes,Yes,Yes,Yes,Yes,Yes,Yes,Yes,Yes,Yes,Yes,Yes,Yes,Yes,Yes,Yes,Yes,Yes,Yes,Yes,Yes,Yes,Yes,Yes,Yes,Yes
Mazda,39650,SUV,Petrol,Automatic,227.0,2.5,310.0,4.0,all,22.0,27.0,5.0,4.0,65.3,180.1,72.6,106.2,7.5,Yes,Yes,Yes,Yes,Yes,Yes,Yes,Yes,Yes,Yes,Yes,Yes,Yes,Yes,Yes,Yes,Yes,Yes,Yes,Yes,Yes,Yes,Yes,Yes,Yes,Yes,Yes,Yes,Yes,Yes,Yes,Yes,Yes
Dodge,39590,SUV,Petrol,Automatic,295.0,3.6,260.0,6.0,rear,19.0,26.0,5.0,4.0,70.1,200.8,75.8,119.8,8.1,Yes,Yes,Yes,Yes,Yes,Yes,Yes,Yes,Yes,Yes,Yes,Yes,Yes,Yes,Yes,Yes,Yes,Yes,Yes,Yes,Yes,Yes,Yes,Yes,Yes,Yes,Yes,Yes,Yes,Yes,Yes,Yes,Yes
Nissan,39000,Sedan,Petrol,CVT,300.0,3.5,261.0,6.0,front,20.0,30.0,5.0,4.0,56.5,192.8,73.2,109.3,5.3,Yes,Yes,Yes,Yes,Yes,Yes,Yes,Yes,Yes,Yes,Yes,Yes,Yes,Yes,Yes,Yes,Yes,Yes,Yes,Yes,Yes,Yes,Yes,Yes,Yes,Yes,Yes,Yes,Yes,Yes,Yes,Yes,Yes
Honda,38800,SUV,Petrol,Automatic,280.0,3.5,262.0,6.0,all,18.0,24.0,5.0,4.0,70.8,210.2,78.6,125.2,7.6,Yes,Yes,Yes,Yes,Yes,Yes,Yes,Yes,Yes,Yes,Yes,Yes,Yes,Yes,Yes,Yes,Yes,Yes,Yes,Yes,Yes,Yes,Yes,Yes,Yes,Yes,Yes,Yes,Yes,Yes,Yes,Yes,Yes
Subaru,38740,Sedan,Petrol,CVT,271.0,2.4,258.0,4.0,all,19.0,25.0,5.0,4.0,57.8,183.8,71.9,105.2,5.4,Yes,Yes,Yes,Yes,Yes,Yes,Yes,Yes,Yes,Yes,Yes,Yes,Yes,Yes,Yes,Yes,Yes,Yes,Yes,Yes,Yes,Yes,Yes,Yes,Yes,Yes,Yes,Yes,Yes,Yes,Yes,Yes,Yes
Cadillac,38590,Sedan,Petrol,Automatic,237.0,2.0,258.0,4.0,rear,23.0,34.0,5.0,4.0,56.0,187.2,71.4,109.3,7.6,Yes,Yes,Yes,Yes,Yes,Yes,Yes,Yes,Yes,Yes,Yes,Yes,Yes,Yes,Yes,Yes,Yes,Yes,Yes,Yes,Yes,Yes,Yes,Yes,Yes,Yes,Yes,Yes,Yes,Yes,Yes,Yes,Yes
Dodge,38470,SUV,Petrol,Automatic,295.0,3.6,260.0,6.0,rear,19.0,26.0,5.0,4.0,70.1,200.8,75.8,119.8,8.1,Yes,Yes,Yes,Yes,Yes,Yes,Yes,Yes,Yes,Yes,Yes,Yes,Yes,Yes,Yes,Yes,Yes,Yes,Yes,Yes,Yes,Yes,Yes,Yes,Yes,Yes,Yes,Yes,Yes,Yes,Yes,Yes,Yes
Jeep,38300,SUV,Unknown,Automatic,285.0,3.6,260.0,6.0,all,17.0,22.0,5.0,4.0,75.0,218.0,73.8,137.3,7.6,Yes,Yes,Yes,Yes,Yes,Yes,Yes,Yes,Yes,Yes,Yes,Yes,Yes,Yes,Yes,Yes,Yes,Yes,Yes,Yes,Yes,Yes,Yes,Yes,Yes,Yes,Yes,Yes,Yes,Yes,Yes,Yes,Yes
Dodge,38270,Sedan,Petrol,Automatic,300.0,3.6,264.0,6.0,all,18.0,27.0,5.0,4.0,58.5,198.4,75.0,120.0,5.2,Yes,Yes,Yes,Yes,Yes,Yes,Yes,Yes,Yes,Yes,Yes,Yes,Yes,Yes,Yes,Yes,Yes,Yes,Yes,Yes,Yes,Yes,Yes,Yes,Yes,Yes,Yes,Yes,Yes,Yes,Yes,Yes,Yes
Cadillac,38195,Sedan,Petrol,Automatic,235.0,2.0,258.0,4.0,rear,23.0,33.0,5.0,4.0,57.2,193.8,74.1,116.0,7.6,Yes,Yes,Yes,Yes,Yes,Yes,Yes,Yes,Yes,Yes,Yes,Yes,Yes,Yes,Yes,Yes,Yes,Yes,Yes,Yes,Yes,Yes,Yes,Yes,Yes,Yes,Yes,Yes,Yes,Yes,Yes,Yes,Yes
Dodge,38070,SUV,Petrol,Automatic,293.0,3.6,260.0,6.0,all,18.0,25.0,5.0,4.0,70.1,200.8,75.8,119.8,8.1,Yes,Yes,Yes,Yes,Yes,Yes,Yes,Yes,Yes,Yes,Yes,Yes,Yes,Yes,Yes,Yes,Yes,Yes,Yes,Yes,Yes,Yes,Yes,Yes,Yes,Yes,Yes,Yes,Yes,Yes,Yes,Yes,Yes
Toyota,38000,Truck,Petrol,CVT,389.0,3.5,479.0,4.0,all,17.0,22.0,5.0,4.0,78.0,233.6,80.2,145.7,5.1,Yes,Yes,Yes,Yes,Yes,Yes,Yes,Yes,Yes,Yes,Yes,Yes,Yes,Yes,Yes,Yes,Yes,Yes,Yes,Yes,Yes,Yes,Yes,Yes,Yes,Yes,Yes,Yes,Yes,Yes,Yes,Yes,Yes
Subaru,37990,SUV,Petrol,CVT,260.0,2.4,277.0,4.0,all,23.0,30.0,5.0,4.0,66.4,191.3,73.0,108.1,8.7,Yes,Yes,Yes,Yes,Yes,Yes,Yes,Yes,Yes,Yes,Yes,Yes,Yes,Yes,Yes,Yes,Yes,Yes,Yes,Yes,Yes,Yes,Yes,Yes,Yes,Yes,Yes,Yes,Yes,Yes,Yes,Yes,Yes
Subaru,37695,Sedan,Petrol,CVT,260.0,2.4,277.0,4.0,all,24.0,32.0,5.0,4.0,59.1,190.6,72.4,108.3,5.9,Yes,Yes,Yes,Yes,Yes,Yes,Yes,Yes,Yes,Yes,Yes,Yes,Yes,Yes,Yes,Yes,Yes,Yes,Yes,Yes,Yes,Yes,Yes,Yes,Yes,Yes,Yes,Yes,Yes,Yes,Yes,Yes,Yes
Mazda,37150,SUV,Unknown,Automatic,227.0,2.5,310.0,6.0,all,23.0,29.0,5.0,4.0,63.9,185.8,75.6,110.8,8.6,Yes,Yes,Yes,Yes,Yes,Yes,Yes,Yes,Yes,Yes,Yes,Yes,Yes,Yes,Yes,Yes,Yes,Yes,Yes,Yes,Yes,Yes,Yes,Yes,Yes,Yes,Yes,Yes,Yes,Yes,Yes,Yes,Yes
Dodge,37090,SUV,Petrol,Automatic,293.0,3.6,260.0,6.0,all,18.0,25.0,5.0,4.0,70.1,201.2,75.8,119.8,8.1,Yes,Yes,Yes,Yes,Yes,Yes,Yes,Yes,Yes,Yes,Yes,Yes,Yes,Yes,Yes,Yes,Yes,Yes,Yes,Yes,Yes,Yes,Yes,Yes,Yes,Yes,Yes,Yes,Yes,Yes,Yes,Yes,Yes
Toyota,37000,Truck,Petrol,CVT,389.0,3.5,479.0,4.0,all,17.0,22.0,5.0,4.0,78.0,233.6,80.2,145.7,5.1,Yes,Yes,Yes,Yes,Yes,Yes,Yes,Yes,Yes,Yes,Yes,Yes,Yes,Yes,Yes,Yes,Yes,Yes,Yes,Yes,Yes,Yes,Yes,Yes,Yes,Yes,Yes,Yes,Yes,Yes,Yes,Yes,Yes
Honda,36830,SUV,Petrol,Automatic,280.0,3.5,262.0,6.0,front,20.0,27.0,8.0,5.0,70.6,196.5,78.6,111.0,7.6,Yes,Yes,Yes,Yes,Yes,Yes,Yes,Yes,Yes,Yes,Yes,Yes,Yes,Yes,Yes,Yes,Yes,Yes,Yes,Yes,Yes,Yes,Yes,Yes,Yes,Yes,Yes,Yes,Yes,Yes,Yes,Yes,Yes
Dodge,36800,SUV,Petrol,Manual,375.0,5.7,410.0,8.0,rear,15.0,23.0,4.0,2.0,57.7,197.9,75.7,116.2,5.2,Yes,Yes,Yes,Yes,Yes,Yes,Yes,Yes,Yes,Yes,Yes,Yes,Yes,Yes,Yes,Yes,Yes,Yes,Yes,Yes,Yes,Yes,Yes,Yes,Yes,Yes,Yes,Yes,Yes,Yes,Yes,Yes,Yes
KIA,36790,SUV,Petrol,Automatic,187.0,2.5,178.0,4.0,all,23.0,28.0,5.0,4.0,66.9,183.5,73.4,108.5,8.3,Yes,Yes,Yes,Yes,Yes,Yes,Yes,Yes,Yes,Yes,Yes,Yes,Yes,Yes,Yes,Yes,Yes,Yes,Yes,Yes,Yes,Yes,Yes,Yes,Yes,Yes,Yes,Yes,Yes,Yes,Yes,Yes,Yes
BMW,36600,Sedan,Petrol,Automatic,228.0,2.0,258.0,4.0,front,24.0,34.0,5.0,4.0,55.9,178.5,70.9,105.1,5.2,Yes,Yes,Yes,Yes,Yes,Yes,Yes,Yes,Yes,Yes,Yes,Yes,Yes,Yes,No,Yes,Yes,Yes,Yes,Yes,Yes,Yes,Yes,Yes,Yes,Yes,Yes,Yes,Yes,Yes,Yes,Yes,Yes
BMW,36600,SUV,Petrol,Automatic,228.0,2.0,258.0,4.0,front,24.0,32.0,5.0,4.0,60.1,172.2,71.8,105.1,7.6,Yes,Yes,Yes,Yes,Yes,Yes,Yes,Yes,Yes,Yes,Yes,Yes,Yes,Yes,Yes,Yes,Yes,Yes,Yes,Yes,Yes,Yes,Yes,Yes,Yes,Yes,Yes,Yes,Yes,Yes,Yes,Yes,Yes
BMW,36600,Sedan,Petrol,Automatic,228.0,2.0,258.0,6.0,front,24.0,34.0,5.0,4.0,55.9,178.5,70.9,105.1,7.6,Yes,Yes,Yes,Yes,Yes,Yes,Yes,Yes,Yes,Yes,Yes,Yes,Yes,Yes,No,Yes,Yes,Yes,Yes,Yes,Yes,Yes,Yes,Yes,Yes,Yes,Yes,Yes,Yes,Yes,Yes,Yes,Yes
Ford,36590,SUV,Petrol,Automatic,250.0,2.0,280.0,6.0,all,21.0,26.0,5.0,4.0,71.4,172.7,74.3,105.1,8.6,Yes,Yes,Yes,Yes,Yes,Yes,Yes,Yes,Yes,Yes,Yes,Yes,Yes,Yes,Yes,Yes,Yes,Yes,Yes,Yes,Yes,Yes,Yes,Yes,Yes,Yes,Yes,Yes,Yes,Yes,Yes,Yes,Yes
Ford,36475,Van,Unknown,Automatic,162.0,2.0,144.0,6.0,front,24.0,28.0,6.0,4.0,71.6,190.0,72.2,120.6,5.7,Yes,Yes,Yes,Yes,Yes,Yes,Yes,Yes,Yes,Yes,Yes,Yes,Yes,Yes,Yes,Yes,Yes,Yes,Yes,Yes,Yes,Yes,Yes,Yes,Yes,Yes,Yes,Yes,Yes,Yes,Yes,Yes,Yes
Mazda,36400,SUV,Petrol,Automatic,227.0,2.5,310.0,4.0,all,23.0,29.0,5.0,4.0,63.9,185.8,75.6,110.8,8.6,Yes,Yes,Yes,Yes,Yes,Yes,Yes,Yes,Yes,Yes,Yes,Yes,Yes,Yes,Yes,Yes,Yes,Yes,Yes,Yes,Yes,Yes,Yes,Yes,Yes,Yes,Yes,Yes,Yes,Yes,Yes,Yes,Yes
Mazda,36400,SUV,Petrol,Automatic,187.0,2.5,186.0,4.0,all,24.0,30.0,5.0,4.0,63.5,185.8,75.6,110.8,8.6,Yes,Yes,Yes,Yes,Yes,Yes,Yes,Yes,Yes,Yes,Yes,Yes,Yes,Yes,Yes,Yes,Yes,Yes,Yes,Yes,Yes,Yes,Yes,Yes,Yes,Yes,Yes,Yes,Yes,Yes,Yes,Yes,Yes
Cadillac,36295,SUV,Petrol,Automatic,235.0,2.0,258.0,4.0,all,22.0,29.0,5.0,4.0,63.21,181.1,76.7,109.4,6.7,Yes,Yes,Yes,Yes,Yes,Yes,Yes,Yes,Yes,Yes,Yes,Yes,Yes,Yes,Yes,Yes,Yes,Yes,Yes,Yes,Yes,Yes,Yes,Yes,Yes,Yes,Yes,Yes,Yes,Yes,Yes,Yes,Yes
KIA,36190,SUV,Petrol,Automatic,177.0,1.6,195.0,4.0,all,38.0,38.0,5.0,4.0,66.1,183.5,73.4,108.5,8.3,Yes,Yes,Yes,Yes,Yes,Yes,Yes,Yes,Yes,Yes,Yes,Yes,Yes,Yes,Yes,Yes,Yes,Yes,Yes,Yes,Yes,Yes,Yes,Yes,Yes,Yes,Yes,Yes,Yes,Yes,Yes,Yes,Yes
Mazda,35620,SUV,Petrol,Automatic,187.0,2.5,186.0,4.0,all,24.0,30.0,5.0,4.0,63.5,185.8,75.6,110.8,7.5,Yes,Yes,Yes,Yes,Yes,Yes,Yes,Yes,Yes,Yes,Yes,Yes,Yes,Yes,Yes,Yes,Yes,Yes,Yes,Yes,Yes,Yes,Yes,Yes,Yes,Yes,Yes,Yes,Yes,Yes,Yes,Yes,Yes
Dodge,35570,SUV,Petrol,Automatic,293.0,3.6,260.0,6.0,rear,19.0,26.0,5.0,4.0,70.1,200.8,75.8,119.8,8.1,Yes,Yes,Yes,Yes,Yes,Yes,Yes,Yes,Yes,Yes,Yes,Yes,Yes,Yes,Yes,Yes,Yes,Yes,Yes,Yes,Yes,Yes,Yes,Yes,Yes,Yes,Yes,Yes,Yes,Yes,Yes,Yes,Yes
Dodge,35470,SUV,Petrol,Automatic,293.0,3.6,260.0,6.0,rear,19.0,26.0,5.0,4.0,70.1,200.8,75.8,119.8,8.1,Yes,Yes,Yes,Yes,Yes,Yes,Yes,Yes,Yes,Yes,Yes,Yes,Yes,Yes,Yes,Yes,Yes,Yes,Yes,Yes,Yes,Yes,Yes,Yes,Yes,Yes,Yes,Yes,Yes,Yes,Yes,Yes,Yes
KIA,35290,SUV,Petrol,Automatic,187.0,2.5,178.0,4.0,all,23.0,28.0,5.0,4.0,66.9,183.5,73.4,108.5,8.3,Yes,Yes,Yes,Yes,Yes,Yes,Yes,Yes,Yes,Yes,Yes,Yes,Yes,Yes,Yes,Yes,Yes,Yes,Yes,Yes,Yes,Yes,Yes,Yes,Yes,Yes,Yes,Yes,Yes,Yes,Yes,Yes,Yes
Dodge,35270,Sedan,Petrol,Automatic,300.0,3.6,264.0,6.0,rear,19.0,30.0,5.0,4.0,57.8,198.4,75.0,120.0,5.2,Yes,Yes,Yes,Yes,Yes,Yes,Yes,Yes,Yes,Yes,Yes,Yes,Yes,Yes,Yes,Yes,Yes,Yes,Yes,Yes,Yes,Yes,Yes,Yes,Yes,Yes,Yes,Yes,Yes,Yes,Yes,Yes,Yes
Mazda,35150,SUV,Petrol,Automatic,187.0,2.5,186.0,4.0,all,24.0,30.0,5.0,4.0,63.5,185.8,75.6,110.8,8.3,Yes,Yes,Yes,Yes,Yes,Yes,Yes,Yes,Yes,Yes,Yes,Yes,Yes,Yes,Yes,Yes,Yes,Yes,Yes,Yes,Yes,Yes,Yes,Yes,Yes,Yes,Yes,Yes,Yes,Yes,Yes,Yes,Yes
Mazda,34700,SUV,Unknown,Automatic,227.0,2.5,310.0,6.0,all,25.0,22.0,5.0,4.0,61.7,173.0,70.7,104.4,8.0,Yes,Yes,Yes,Yes,Yes,Yes,Yes,Yes,Yes,Yes,Yes,Yes,Yes,Yes,Yes,Yes,Yes,Yes,Yes,Yes,Yes,Yes,Yes,Yes,Yes,Yes,Yes,Yes,Yes,Yes,Yes,Yes,Yes
KIA,34490,SUV,Petrol,Automatic,187.0,2.5,178.0,4.0,all,23.0,28.0,5.0,4.0,66.9,183.5,73.4,108.5,8.3,Yes,Yes,Yes,Yes,Yes,Yes,Yes,Yes,Yes,Yes,Yes,Yes,Yes,Yes,Yes,Yes,Yes,Yes,Yes,Yes,Yes,Yes,Yes,Yes,Yes,Yes,Yes,Yes,Yes,Yes,Yes,Yes,Yes
Dodge,34320,SUV,Petrol,Automatic,293.0,3.6,260.0,6.0,rear,19.0,26.0,5.0,4.0,70.1,200.8,75.8,119.8,8.1,Yes,Yes,Yes,Yes,Yes,Yes,Yes,Yes,Yes,Yes,Yes,Yes,Yes,Yes,Yes,Yes,Yes,Yes,Yes,Yes,Yes,Yes,Yes,Yes,Yes,Yes,Yes,Yes,Yes,Yes,Yes,Yes,Yes
Subaru,34150,Sedan,Petrol,CVT,271.0,2.4,258.0,4.0,all,19.0,25.0,5.0,4.0,57.8,183.8,71.9,105.2,5.4,Yes,Yes,Yes,Yes,Yes,Yes,Yes,Yes,Yes,Yes,Yes,Yes,Yes,Yes,Yes,Yes,Yes,Yes,Yes,Yes,Yes,Yes,Yes,Yes,Yes,Yes,Yes,Yes,Yes,Yes,Yes,Yes,Yes
Ford,34005,Truck,Petrol,Automatic,250.0,2.0,277.0,4.0,all,29.0,22.0,5.0,4.0,68.7,199.7,72.6,121.1,7.6,Yes,Yes,Yes,Yes,Yes,Yes,Yes,Yes,Yes,Yes,Yes,Yes,Yes,Yes,Yes,Yes,Yes,Yes,Yes,Yes,Yes,Yes,Yes,Yes,Yes,Yes,Yes,Yes,Yes,Yes,Yes,Yes,Yes
Subaru,33890,Sedan,Petrol,CVT,182.0,2.5,176.0,4.0,all,23.0,31.0,5.0,4.0,59.1,190.6,72.4,108.3,5.9,Yes,Yes,Yes,Yes,Yes,Yes,Yes,Yes,Yes,Yes,Yes,Yes,Yes,Yes,Yes,Yes,Yes,Yes,Yes,Yes,Yes,Yes,Yes,Yes,Yes,Yes,Yes,Yes,Yes,Yes,Yes,Yes,Yes
Subaru,33890,SUV,Petrol,CVT,260.0,2.4,277.0,4.0,all,21.0,27.0,8.0,5.0,71.6,196.8,76.0,113.8,8.7,Yes,Yes,Yes,Yes,Yes,Yes,Yes,Yes,Yes,Yes,Yes,Yes,Yes,Yes,Yes,Yes,Yes,Yes,Yes,Yes,Yes,Yes,Yes,Yes,Yes,Yes,Yes,Yes,Yes,Yes,Yes,Yes,Yes
Honda,33760,SUV,Petrol,CVT,190.0,1.5,179.0,4.0,front,28.0,34.0,5.0,4.0,66.2,184.8,73.5,106.3,7.6,Yes,Yes,Yes,Yes,Yes,Yes,Yes,Yes,Yes,Yes,Yes,Yes,Yes,Yes,Yes,Yes,Yes,Yes,Yes,Yes,Yes,Yes,Yes,Yes,Yes,Yes,Yes,Yes,Yes,Yes,Yes,Yes,Yes
Jeep,33590,Convertible,Unknown,Automatic,285.0,3.6,260.0,6.0,all,19.0,24.0,5.0,4.0,74.5,188.4,73.8,118.4,7.6,Yes,Yes,Yes,Yes,Yes,Yes,Yes,Yes,Yes,Yes,Yes,Yes,Yes,Yes,Yes,Yes,Yes,Yes,Yes,Yes,Yes,Yes,Yes,Yes,Yes,Yes,Yes,Yes,Yes,Yes,Yes,Yes,Yes
KIA,33490,SUV,Petrol,Automatic,187.0,2.5,178.0,4.0,front,25.0,32.0,5.0,4.0,66.9,183.5,73.4,108.5,7.1,Yes,Yes,Yes,Yes,Yes,Yes,Yes,Yes,Yes,Yes,Yes,Yes,Yes,Yes,Yes,Yes,Yes,Yes,Yes,Yes,Yes,Yes,Yes,Yes,Yes,Yes,Yes,Yes,Yes,Yes,Yes,Yes,Yes
Subaru,33490,SUV,Petrol,CVT,182.0,2.5,176.0,4.0,all,26.0,32.0,5.0,4.0,66.4,191.1,73.0,108.1,7.6,Yes,Yes,Yes,Yes,Yes,Yes,Yes,Yes,Yes,Yes,Yes,Yes,Yes,Yes,Yes,Yes,Yes,Yes,Yes,Yes,Yes,Yes,Yes,Yes,Yes,Yes,Yes,Yes,Yes,Yes,Yes,Yes,Yes
KIA,33290,SUV,Petrol,Automatic,187.0,2.5,178.0,4.0,all,23.0,28.0,5.0,4.0,66.3,183.5,73.4,108.5,8.3,Yes,Yes,Yes,Yes,Yes,Yes,Yes,Yes,Yes,Yes,Yes,Yes,Yes,Yes,Yes,Yes,Yes,Yes,Yes,Yes,Yes,Yes,Yes,Yes,Yes,Yes,Yes,Yes,Yes,Yes,Yes,Yes,Yes
Subaru,33090,Sedan,Petrol,Manual,268.0,2.0,258.0,4.0,all,21.0,27.0,5.0,4.0,58.1,180.9,70.7,104.3,4.9,Yes,Yes,Yes,Yes,Yes,Yes,Yes,Yes,Yes,Yes,Yes,Yes,Yes,Yes,Yes,Yes,Yes,Yes,Yes,Yes,Yes,Yes,Yes,Yes,Yes,Yes,Yes,Yes,Yes,Yes,Yes,Yes,Yes
Mazda,33000,SUV,Petrol,Automatic,187.0,2.5,186.0,6.0,all,24.0,30.0,5.0,4.0,65.3,180.1,72.6,106.2,7.5,Yes,Yes,Yes,Yes,Yes,Yes,Yes,Yes,Yes,Yes,Yes,Yes,Yes,Yes,Yes,Yes,Yes,Yes,Yes,Yes,Yes,Yes,Yes,Yes,Yes,Yes,Yes,Yes,Yes,Yes,Yes,Yes,Yes
Volkswagen,32950,SUV,Petrol,Automatic,184.0,2.0,221.0,4.0,front,23.0,30.0,7.0,4.0,66.3,185.1,72.4,109.8,7.9,Yes,Yes,Yes,Yes,Yes,Yes,Yes,Yes,Yes,Yes,Yes,Yes,Yes,Yes,Yes,Yes,Yes,Yes,Yes,Yes,Yes,Yes,Yes,Yes,Yes,Yes,Yes,Yes,Yes,Yes,Yes,Yes,Yes
Subaru,32950,Sedan,Petrol,CVT,182.0,2.5,176.0,4.0,all,27.0,35.0,5.0,4.0,59.1,190.6,72.4,108.3,5.9,Yes,Yes,Yes,Yes,Yes,Yes,Yes,Yes,Yes,Yes,Yes,Yes,Yes,Yes,Yes,Yes,Yes,Yes,Yes,Yes,Yes,Yes,Yes,Yes,Yes,Yes,Yes,Yes,Yes,Yes,Yes,Yes,Yes
Mazda,32690,SUV,Petrol,Automatic,187.0,2.5,186.0,4.0,all,24.0,30.0,5.0,4.0,63.5,185.8,75.6,110.8,8.3,Yes,Yes,Yes,Yes,Yes,Yes,Yes,Yes,Yes,Yes,Yes,Yes,Yes,Yes,Yes,Yes,Yes,Yes,Yes,Yes,Yes,Yes,Yes,Yes,Yes,Yes,Yes,Yes,Yes,Yes,Yes,Yes,Yes
Honda,32350,SUV,Petrol,CVT,190.0,1.5,179.0,4.0,front,28.0,34.0,5.0,4.0,66.1,182.1,73.0,104.8,7.6,Yes,Yes,Yes,Yes,Yes,Yes,Yes,Yes,Yes,Yes,Yes,Yes,Yes,Yes,Yes,Yes,Yes,Yes,Yes,Yes,Yes,Yes,Yes,Yes,Yes,Yes,Yes,Yes,Yes,Yes,Yes,Yes,Yes
Mazda,32000,SUV,Petrol,Automatic,187.0,2.5,186.0,4.0,all,24.0,30.0,5.0,4.0,63.5,185.8,75.6,110.8,8.3,Yes,Yes,Yes,Yes,Yes,Yes,Yes,Yes,Yes,Yes,Yes,Yes,Yes,Yes,Yes,Yes,Yes,Yes,Yes,Yes,Yes,Yes,Yes,Yes,Yes,Yes,Yes,Yes,Yes,Yes,Yes,Yes,Yes
Honda,31800,SUV,Petrol,CVT,190.0,1.5,179.0,4.0,all,27.0,32.0,5.0,4.0,66.5,182.1,73.0,104.7,7.6,Yes,Yes,Yes,Yes,Yes,Yes,Yes,Yes,Yes,Yes,Yes,Yes,Yes,Yes,Yes,Yes,Yes,Yes,Yes,Yes,Yes,Yes,Yes,Yes,Yes,Yes,Yes,Yes,Yes,Yes,Yes,Yes,Yes
Honda,31610,SUV,Hybrid,CVT,212.0,2.0,129.0,4.0,all,40.0,35.0,5.0,4.0,66.5,182.1,73.0,104.7,7.6,Yes,Yes,Yes,Yes,Yes,Yes,Yes,Yes,Yes,Yes,Yes,Yes,Yes,Yes,Yes,Yes,Yes,Yes,Yes,Yes,Yes,Yes,Yes,Yes,Yes,Yes,Yes,Yes,Yes,Yes,Yes,Yes,Yes
KIA,31490,SUV,Petrol,Automatic,187.0,2.5,178.0,4.0,front,25.0,32.0,5.0,4.0,66.9,183.5,73.4,108.5,7.1,Yes,Yes,Yes,Yes,Yes,Yes,Yes,Yes,Yes,Yes,Yes,Yes,Yes,Yes,Yes,Yes,Yes,Yes,Yes,Yes,Yes,Yes,Yes,Yes,Yes,Yes,Yes,Yes,Yes,Yes,Yes,Yes,Yes
Nissan,31250,Sedan,Petrol,CVT,248.0,2.0,273.0,4.0,front,25.0,34.0,5.0,4.0,56.8,192.9,56.8,111.2,5.0,Yes,Yes,Yes,Yes,Yes,Yes,Yes,Yes,Yes,Yes,Yes,Yes,Yes,Yes,Yes,Yes,Yes,Yes,Yes,Yes,Yes,Yes,Yes,Yes,Yes,Yes,Yes,Yes,Yes,Yes,Yes,Yes,Yes
Mazda,31100,SUV,Petrol,Automatic,186.0,2.5,186.0,4.0,all,24.0,30.0,5.0,4.0,65.3,180.1,72.6,106.2,7.6,Yes,Yes,Yes,Yes,Yes,Yes,Yes,Yes,Yes,Yes,Yes,Yes,Yes,Yes,Yes,Yes,Yes,Yes,Yes,Yes,Yes,Yes,Yes,Yes,Yes,Yes,Yes,Yes,Yes,Yes,Yes,Yes,Yes
Subaru,31095,Coupe,Petrol,Manual,228.0,2.4,184.0,6.0,rear,20.0,27.0,4.0,2.0,51.6,166.7,69.9,101.4,5.1,Yes,Yes,Yes,Yes,Yes,Yes,Yes,Yes,Yes,Yes,Yes,Yes,Yes,Yes,Yes,Yes,Yes,Yes,Yes,Yes,Yes,Yes,Yes,Yes,Yes,Yes,Yes,Yes,Yes,Yes,Yes,Yes,Yes
KIA,30990,SUV,Petrol,Automatic,177.0,1.6,195.0,4.0,all,38.0,38.0,5.0,4.0,66.1,183.5,73.4,108.5,8.3,Yes,Yes,Yes,Yes,Yes,Yes,Yes,Yes,Yes,Yes,Yes,Yes,Yes,Yes,Yes,Yes,Yes,Yes,Yes,Yes,Yes,Yes,Yes,Yes,Yes,Yes,Yes,Yes,Yes,Yes,Yes,Yes,Yes
KIA,30790,SUV,Petrol,Automatic,187.0,2.5,178.0,4.0,all,23.0,28.0,5.0,4.0,66.9,183.5,73.4,108.5,8.3,Yes,Yes,Yes,Yes,Yes,Yes,Yes,Yes,Yes,Yes,Yes,Yes,Yes,Yes,Yes,Yes,Yes,Yes,Yes,Yes,Yes,Yes,Yes,Yes,Yes,Yes,Yes,Yes,Yes,Yes,Yes,Yes,Yes
Subaru,30690,SUV,Petrol,CVT,182.0,2.5,176.0,4.0,all,26.0,33.0,5.0,4.0,66.4,191.3,73.0,108.1,8.7,Yes,Yes,Yes,Yes,Yes,Yes,Yes,Yes,Yes,Yes,Yes,Yes,Yes,Yes,Yes,Yes,Yes,Yes,Yes,Yes,Yes,Yes,Yes,Yes,Yes,Yes,Yes,Yes,Yes,Yes,Yes,Yes,Yes
Toyota,30500,Coupe,Petrol,Manual,228.0,2.4,184.0,4.0,rear,20.0,27.0,4.0,2.0,51.5,167.9,69.8,101.4,5.1,Yes,Yes,Yes,Yes,Yes,Yes,Yes,Yes,Yes,Yes,Yes,Yes,Yes,Yes,Yes,Yes,Yes,Yes,Yes,Yes,Yes,Yes,Yes,Yes,Yes,Yes,Yes,Yes,Yes,Yes,Yes,Yes,Yes
Ford,30500,Truck,Petrol,Automatic,250.0,2.0,277.0,4.0,all,22.0,29.0,5.0,4.0,68.7,199.7,72.6,121.1,7.6,Yes,Yes,Yes,Yes,Yes,Yes,Yes,Yes,Yes,Yes,Yes,Yes,Yes,Yes,Yes,Yes,Yes,Yes,Yes,Yes,Yes,Yes,Yes,Yes,Yes,Yes,Yes,Yes,Yes,Yes,Yes,Yes,Yes
Mazda,30190,SUV,Petrol,Automatic,187.0,2.5,186.0,4.0,all,24.0,30.0,5.0,4.0,65.3,180.1,72.6,106.2,7.5,Yes,Yes,Yes,Yes,Yes,Yes,Yes,Yes,Yes,Yes,Yes,Yes,Yes,Yes,Yes,Yes,Yes,Yes,Yes,Yes,Yes,Yes,Yes,Yes,Yes,Yes,Yes,Yes,Yes,Yes,Yes,Yes,Yes
Honda,29990,SUV,Petrol,CVT,190.0,1.5,179.0,4.0,front,28.0,34.0,5.0,4.0,66.1,182.1,73.0,104.8,6.2,Yes,Yes,Yes,Yes,Yes,Yes,Yes,Yes,Yes,Yes,Yes,Yes,Yes,Yes,Yes,Yes,Yes,Yes,Yes,Yes,Yes,Yes,Yes,Yes,Yes,Yes,Yes,Yes,Yes,Yes,Yes,Yes,Yes
Mazda,29950,SUV,Petrol,Automatic,187.0,2.5,186.0,4.0,all,24.0,30.0,5.0,4.0,65.3,180.1,72.6,106.2,7.5,Yes,Yes,Yes,Yes,Yes,Yes,Yes,Yes,Yes,Yes,Yes,Yes,Yes,Yes,Yes,Yes,Yes,Yes,Yes,Yes,Yes,Yes,Yes,Yes,Yes,Yes,Yes,Yes,Yes,Yes,Yes,Yes,Yes
Subaru,29495,SUV,Petrol,CVT,182.0,2.5,176.0,4.0,all,27.0,34.0,5.0,4.0,63.6,176.5,71.0,104.9,8.7,Yes,Yes,Yes,Yes,Yes,Yes,Yes,Yes,Yes,Yes,Yes,Yes,Yes,Yes,Yes,Yes,Yes,Yes,Yes,Yes,Yes,Yes,Yes,Yes,Yes,Yes,Yes,Yes,Yes,Yes,Yes,Yes,Yes
KIA,29090,SUV,Hybrid,Automatic,177.0,1.6,195.0,4.0,all,38.0,38.0,5.0,4.0,66.1,183.5,73.4,108.5,8.3,Yes,Yes,Yes,Yes,Yes,Yes,Yes,Yes,Yes,Yes,Yes,Yes,Yes,Yes,Yes,Yes,Yes,Yes,Yes,Yes,Yes,Yes,Yes,Yes,Yes,Yes,Yes,Yes,Yes,Yes,Yes,Yes,Yes
Honda,28580,Sedan,Petrol,CVT,192.0,1.5,192.0,4.0,front,29.0,35.0,5.0,4.0,57.1,196.1,73.3,111.4,5.8,Yes,Yes,Yes,Yes,Yes,Yes,Yes,Yes,Yes,Yes,Yes,Yes,Yes,Yes,Yes,Yes,Yes,Yes,Yes,Yes,Yes,Yes,Yes,Yes,Yes,Yes,Yes,Yes,Yes,Yes,Yes,Yes,Yes
Mazda,28500,SUV,Petrol,Automatic,186.0,2.5,186.0,4.0,all,24.0,30.0,5.0,4.0,65.3,180.1,72.6,106.2,7.6,Yes,Yes,Yes,Yes,Yes,Yes,Yes,Yes,Yes,Yes,Yes,Yes,Yes,Yes,Yes,Yes,Yes,Yes,Yes,Yes,Yes,Yes,Yes,Yes,Yes,Yes,Yes,Yes,Yes,Yes,Yes,Yes,Yes
Subaru,28390,SUV,Petrol,CVT,182.0,2.5,176.0,4.0,all,26.0,33.0,5.0,4.0,66.4,191.3,73.0,108.1,8.7,Yes,Yes,Yes,Yes,Yes,Yes,Yes,Yes,Yes,Yes,Yes,Yes,Yes,Yes,Yes,Yes,Yes,Yes,Yes,Yes,Yes,Yes,Yes,Yes,Yes,Yes,Yes,Yes,Yes,Yes,Yes,Yes,Yes
Subaru,28290,SUV,Petrol,CVT,182.0,2.5,176.0,4.0,all,27.0,34.0,5.0,4.0,63.6,176.5,71.0,104.9,8.7,Yes,Yes,Yes,Yes,Yes,Yes,Yes,Yes,Yes,Yes,Yes,Yes,Yes,Yes,Yes,Yes,Yes,Yes,Yes,Yes,Yes,Yes,Yes,Yes,Yes,Yes,Yes,Yes,Yes,Yes,Yes,Yes,Yes
Hyundai,28200,SUV,Petrol,Automatic,191.0,2.5,181.0,4.0,front,25.0,28.0,5.0,4.0,66.3,188.4,74.8,108.9,8.2,Yes,Yes,Yes,Yes,Yes,Yes,Yes,Yes,Yes,Yes,Yes,Yes,Yes,Yes,Yes,Yes,Yes,Yes,Yes,Yes,Yes,Yes,Yes,Yes,Yes,Yes,Yes,Yes,Yes,Yes,Yes,Yes,Yes
Mazda,28020,SUV,Petrol,Automatic,227.0,2.5,310.0,4.0,all,23.0,29.0,5.0,4.0,63.9,185.8,75.6,110.8,8.6,Yes,Yes,Yes,Yes,Yes,Yes,Yes,Yes,Yes,Yes,Yes,Yes,Yes,Yes,Yes,Yes,Yes,Yes,Yes,Yes,Yes,Yes,Yes,Yes,Yes,Yes,Yes,Yes,Yes,Yes,Yes,Yes,Yes
KIA,27990,SUV,Petrol,Automatic,181.0,2.4,175.0,4.0,front,25.0,32.0,5.0,4.0,65.4,183.5,73.4,108.5,7.1,Yes,Yes,Yes,Yes,Yes,Yes,Yes,Yes,Yes,Yes,Yes,Yes,Yes,Yes,Yes,Yes,Yes,Yes,Yes,Yes,Yes,Yes,Yes,Yes,Yes,Yes,Yes,Yes,Yes,Yes,Yes,Yes,Yes
KIA,27790,SUV,Petrol,Automatic,187.0,2.5,178.0,4.0,all,23.0,28.0,5.0,4.0,65.4,183.5,73.4,108.5,8.3,Yes,Yes,Yes,Yes,Yes,Yes,Yes,Yes,Yes,Yes,Yes,Yes,Yes,Yes,Yes,Yes,Yes,Yes,Yes,Yes,Yes,Yes,Yes,Yes,Yes,Yes,Yes,Yes,Yes,Yes,Yes,Yes,Yes
Volkswagen,27680,SUV,Petrol,Automatic,184.0,2.0,221.0,4.0,all,22.0,29.0,5.0,4.0,66.3,185.1,72.4,109.8,7.6,Yes,Yes,Yes,Yes,Yes,Yes,Yes,Yes,Yes,Yes,Yes,Yes,Yes,Yes,Yes,Yes,Yes,Yes,Yes,Yes,Yes,Yes,Yes,Yes,Yes,Yes,Yes,Yes,Yes,Yes,Yes,Yes,Yes
Nissan,27300,Sedan,Petrol,CVT,188.0,2.5,180.0,4.0,all,26.0,36.0,5.0,4.0,57.3,192.9,72.9,111.2,5.4,Yes,Yes,Yes,Yes,Yes,Yes,Yes,Yes,Yes,Yes,Yes,Yes,Yes,Yes,Yes,Yes,Yes,Yes,Yes,Yes,Yes,Yes,Yes,Yes,Yes,Yes,Yes,Yes,Yes,Yes,Yes,Yes,Yes
KIA,27290,SUV,Hybrid,Automatic,177.0,1.6,195.0,4.0,front,42.0,44.0,5.0,4.0,65.4,183.5,73.4,108.5,7.1,Yes,Yes,Yes,Yes,Yes,Yes,Yes,Yes,Yes,Yes,Yes,Yes,Yes,Yes,Yes,Yes,Yes,Yes,Yes,Yes,Yes,Yes,Yes,Yes,Yes,Yes,Yes,Yes,Yes,Yes,Yes,Yes,Yes
Subaru,26940,SUV,Petrol,CVT,182.0,2.5,176.0,4.0,all,26.0,33.0,5.0,4.0,66.4,191.3,73.0,108.1,8.7,Yes,Yes,Yes,Yes,Yes,Yes,Yes,Yes,Yes,Yes,Yes,Yes,Yes,Yes,Yes,Yes,Yes,Yes,Yes,Yes,Yes,Yes,Yes,Yes,Yes,Yes,Yes,Yes,Yes,Yes,Yes,Yes,Yes
Mazda,26700,SUV,Petrol,Automatic,186.0,2.5,186.0,4.0,all,24.0,30.0,5.0,4.0,65.3,180.1,72.6,106.2,7.6,Yes,Yes,Yes,Yes,Yes,Yes,Yes,Yes,Yes,Yes,Yes,Yes,Yes,Yes,Yes,Yes,Yes,Yes,Yes,Yes,Yes,Yes,Yes,Yes,Yes,Yes,Yes,Yes,Yes,Yes,Yes,Yes,Yes
Subaru,26695,Sedan,Petrol,CVT,182.0,2.5,176.0,4.0,all,27.0,35.0,5.0,4.0,59.1,190.6,72.4,108.3,5.9,Yes,Yes,Yes,Yes,Yes,Yes,Yes,Yes,Yes,Yes,Yes,Yes,Yes,Yes,Yes,Yes,Yes,Yes,Yes,Yes,Yes,Yes,Yes,Yes,Yes,Yes,Yes,Yes,Yes,Yes,Yes,Yes,Yes
Toyota,26430,Hatchback,Unknown,Manual,169.0,2.0,151.0,4.0,front,28.0,36.0,5.0,4.0,57.1,172.0,70.5,103.9,7.6,Yes,Yes,Yes,Yes,Yes,Yes,Yes,Yes,Yes,Yes,Yes,Yes,Yes,Yes,Yes,Yes,Yes,Yes,Yes,Yes,Yes,Yes,Yes,Yes,Yes,Yes,Yes,Yes,Yes,Yes,Yes,Yes,Yes
Toyota,25940,Sedan,Petrol,Automatic,203.0,2.5,184.0,4.0,front,28.0,39.0,5.0,4.0,56.9,192.1,72.4,111.2,5.7,Yes,Yes,Yes,Yes,Yes,Yes,Yes,Yes,Yes,Yes,Yes,Yes,Yes,Yes,Yes,Yes,Yes,Yes,Yes,Yes,Yes,Yes,Yes,Yes,Yes,Yes,Yes,Yes,Yes,Yes,Yes,Yes,Yes
Nissan,25900,Sedan,Petrol,CVT,188.0,2.5,180.0,4.0,front,27.0,37.0,5.0,4.0,56.8,192.9,72.9,111.2,5.1,Yes,Yes,Yes,Yes,Yes,Yes,Yes,Yes,Yes,Yes,Yes,Yes,Yes,Yes,Yes,Yes,Yes,Yes,Yes,Yes,Yes,Yes,Yes,Yes,Yes,Yes,Yes,Yes,Yes,Yes,Yes,Yes,Yes
Chevrolet,25800,Coupe,Petrol,Manual,275.0,2.0,295.0,4.0,rear,19.0,29.0,4.0,2.0,53.1,188.3,74.7,110.7,7.6,Yes,Yes,Yes,Yes,Yes,Yes,Yes,Yes,Yes,Yes,Yes,Yes,Yes,Yes,Yes,Yes,Yes,Yes,Yes,Yes,Yes,Yes,Yes,Yes,Yes,Yes,Yes,Yes,Yes,Yes,Yes,Yes,Yes
Toyota,25200,Sedan,Hybrid,CVT,121.0,1.8,105.0,4.0,front,53.0,52.0,5.0,4.0,56.5,182.3,70.1,106.3,5.3,Yes,Yes,Yes,Yes,Yes,Yes,Yes,Yes,Yes,Yes,Yes,Yes,Yes,Yes,Yes,Yes,Yes,Yes,Yes,Yes,Yes,Yes,Yes,Yes,Yes,Yes,Yes,Yes,Yes,Yes,Yes,Yes,Yes
Subaru,24940,SUV,Petrol,CVT,152.0,2.0,145.0,4.0,all,28.0,33.0,5.0,4.0,63.6,175.8,71.0,104.9,8.7,Yes,Yes,Yes,Yes,Yes,Yes,Yes,Yes,Yes,Yes,Yes,Yes,Yes,Yes,Yes,Yes,Yes,Yes,Yes,Yes,Yes,Yes,Yes,Yes,Yes,Yes,Yes,Yes,Yes,Yes,Yes,Yes,Yes
Subaru,24795,SUV,Petrol,CVT,152.0,2.0,145.0,4.0,all,28.0,33.0,5.0,4.0,63.6,175.8,71.0,104.9,8.7,Yes,Yes,Yes,Yes,Yes,Yes,Yes,Yes,Yes,Yes,Yes,Yes,Yes,Yes,Yes,Yes,Yes,Yes,Yes,Yes,Yes,Yes,Yes,Yes,Yes,Yes,Yes,Yes,Yes,Yes,Yes,Yes,Yes
Nissan,24750,Sedan,Petrol,CVT,188.0,2.5,180.0,4.0,front,28.0,39.0,5.0,4.0,56.7,192.9,72.9,111.2,4.9,Yes,Yes,Yes,Yes,Yes,Yes,Yes,Yes,Yes,Yes,Yes,Yes,Yes,Yes,Yes,Yes,Yes,Yes,Yes,Yes,Yes,Yes,Yes,Yes,Yes,Yes,Yes,Yes,Yes,Yes,Yes,Yes,Yes
Hyundai,24400,Sedan,Hybrid,Automatic,139.0,1.6,195.0,4.0,front,53.0,56.0,5.0,4.0,55.7,184.1,71.9,107.1,5.3,Yes,Yes,Yes,Yes,Yes,Yes,Yes,Yes,Yes,Yes,Yes,Yes,Yes,Yes,Yes,Yes,Yes,Yes,Yes,Yes,Yes,Yes,Yes,Yes,Yes,Yes,Yes,Yes,Yes,Yes,Yes,Yes,Yes
Chevrolet,24400,Sedan,Petrol,CVT,160.0,1.5,184.0,4.0,front,29.0,36.0,5.0,4.0,57.9,194.2,73.0,111.4,7.6,Yes,Yes,Yes,Yes,Yes,Yes,Yes,Yes,Yes,Yes,Yes,Yes,Yes,Yes,Yes,Yes,Yes,Yes,Yes,Yes,Yes,Yes,Yes,Yes,Yes,Yes,Yes,Yes,Yes,Yes,Yes,Yes,Yes
Toyota,22965,Hatchback,Unknown,Manual,169.0,2.0,151.0,4.0,front,28.0,36.0,5.0,4.0,57.1,172.0,70.5,103.9,7.6,Yes,Yes,Yes,Yes,Yes,Yes,Yes,Yes,Yes,Yes,Yes,Yes,Yes,Yes,Yes,Yes,Yes,Yes,Yes,Yes,Yes,Yes,Yes,Yes,Yes,Yes,Yes,Yes,Yes,Yes,Yes,Yes,Yes
Toyota,22810,Hatchback,Unknown,CVT,169.0,2.0,151.0,4.0,front,30.0,38.0,5.0,4.0,57.1,172.0,70.5,103.9,7.6,Yes,Yes,Yes,Yes,Yes,Yes,Yes,Yes,Yes,Yes,Yes,Yes,Yes,Yes,Yes,Yes,Yes,Yes,Yes,Yes,Yes,Yes,Yes,Yes,Yes,Yes,Yes,Yes,Yes,Yes,Yes,Yes,Yes
Toyota,22150,Hatchback,Unknown,Manual,169.0,2.0,151.0,4.0,front,28.0,36.0,5.0,4.0,57.1,172.0,70.5,103.9,7.6,Yes,Yes,Yes,Yes,Yes,Yes,Yes,Yes,Yes,Yes,Yes,Yes,Yes,Yes,Yes,Yes,Yes,Yes,Yes,Yes,Yes,Yes,Yes,Yes,Yes,Yes,Yes,Yes,Yes,Yes,Yes,Yes,Yes
Honda,21870,SUV,Petrol,CVT,141.0,1.8,127.0,4.0,all,28.0,34.0,5.0,4.0,63.2,170.9,70.5,102.8,5.4,Yes,Yes,Yes,Yes,Yes,Yes,Yes,Yes,Yes,Yes,Yes,Yes,Yes,Yes,Yes,Yes,Yes,Yes,Yes,Yes,Yes,Yes,Yes,Yes,Yes,Yes,Yes,Yes,Yes,Yes,Yes,Yes,Yes
Subaru,20290,Hatchback,Petrol,Manual,152.0,2.0,145.0,4.0,all,24.0,31.0,5.0,4.0,57.3,176.2,70.0,105.1,5.1,Yes,Yes,Yes,Yes,Yes,Yes,Yes,Yes,Yes,Yes,Yes,Yes,Yes,Yes,Yes,Yes,Yes,Yes,Yes,Yes,Yes,Yes,Yes,Yes,Yes,Yes,Yes,Yes,Yes,Yes,Yes,Yes,Yes
Subaru,19290,Hatchback,Petrol,Manual,152.0,2.0,145.0,4.0,all,24.0,31.0,5.0,4.0,57.3,176.2,70.0,105.1,5.1,Yes,Yes,Yes,Yes,Yes,Yes,Yes,Yes,Yes,Yes,Yes,Yes,Yes,Yes,Yes,Yes,Yes,Yes,Yes,Yes,Yes,Yes,Yes,Yes,Yes,Yes,Yes,Yes,Yes,Yes,Yes,Yes,Yes
Honda,18960,Hatchback,Petrol,Manual,128.0,1.5,113.0,4.0,front,31.0,36.0,5.0,4.0,60.0,161.4,67.0,99.6,4.4,Yes,Yes,Yes,Yes,Yes,Yes,Yes,Yes,Yes,Yes,Yes,Yes,Yes,Yes,Yes,Yes,Yes,Yes,Yes,Yes,Yes,Yes,Yes,Yes,Yes,Yes,Yes,Yes,Yes,Yes,Yes,Yes,Yes
Honda,16190,Hatchback,Petrol,Manual,130.0,1.5,114.0,4.0,front,29.0,36.0,5.0,4.0,60.0,161.4,67.0,99.6,4.4,Yes,Yes,Yes,Yes,Yes,Yes,Yes,Yes,Yes,Yes,Yes,Yes,Yes,Yes,Yes,Yes,Yes,Yes,Yes,Yes,Yes,Yes,Yes,Yes,Yes,Yes,Yes,Yes,Yes,Yes,Yes,Yes,Yes
Honda,15520,Hatchback,Petrol,Manual,130.0,1.5,114.0,4.0,front,29.0,36.0,5.0,4.0,60.0,161.4,67.0,99.6,4.4,Yes,Yes,Yes,Yes,Yes,Yes,Yes,Yes,Yes,Yes,Yes,Yes,Yes,Yes,Yes,Yes,Yes,Yes,Yes,Yes,Yes,Yes,Yes,Yes,Yes,Yes,Yes,Yes,Yes,Yes,Yes,Yes,Yes
